Person,Current Age,Retirement Age,Birth Year,Birth Month,Gender,Address,Apartment,City,State,Zipcode,Latitude,Longitude,Per Capita Income - Zipcode,Yearly Income - Person,Total Debt,FICO Score,Num Credit Cards
Hazel Robinson,53,66,1966,11,Female,462 Rose Lane,,La Verne,CA,91750,34.15,-117.76,$29278,$59696,$127613,787,5
Sasha Sadr,53,68,1966,12,Female,3606 Federal Boulevard,,Little Neck,NY,11363,40.76,-73.74,$37891,$77254,$191349,701,5
Saanvi Lee,81,67,1938,11,Female,766 Third Drive,,West Covina,CA,91792,34.02,-117.89,$22681,$33483,$196,698,5
Everlee Clark,63,63,1957,1,Female,3 Madison Street,,New York,NY,10069,40.71,-73.99,$163145,$249925,$202328,722,4
Kyle Peterson,43,70,1976,9,Male,9620 Valley Stream Drive,,San Francisco,CA,94117,37.76,-122.44,$53797,$109687,$183855,675,1
Aldo Walker,42,70,1977,10,Male,58 Birch Lane,6,Davenport,IA,52803,41.55,-90.60,$20599,$41997,$0,704,3
Katalina Lewis,36,67,1983,12,Female,5695 Fifth Street,1,Louisville,KY,40299,38.22,-85.74,$25258,$51500,$102286,672,3
Ryland Howard,26,67,1993,12,Male,1941 Ninth Street,10,Portland,OR,97214,45.51,-122.64,$26790,$54623,$114711,728,1
Kenya Cooper,81,66,1938,7,Female,11 Spruce Avenue,,Telford,PA,18969,40.32,-75.32,$26273,$42509,$2895,755,5
Sawyer Butler,34,60,1986,1,Female,887 Grant Street,,Abbeville,LA,70510,29.97,-92.12,$18730,$38190,$81262,810,1
Antonio Ryan,27,66,1992,6,Male,888 Fifth Lane,10,Fair Oaks,CA,95628,38.65,-121.25,$27548,$56164,$15224,761,2
Elliot Edwards,29,63,1990,9,Female,8677 Littlewood Lane,,Greeley,CO,80634,40.42,-104.74,$22427,$45727,$94016,629,1
Romina Garcia,18,67,2002,1,Female,829 Fourth Boulevard,,Cranston,RI,02921,41.76,-71.48,$33914,$69149,$89214,776,1
Keanu Chen,34,62,1985,10,Male,74786 Jefferson Drive,,Traverse City,MI,49686,44.75,-85.60,$20325,$41442,$78833,712,3
Poppy Flores,48,62,1971,5,Female,781 East Street,,San Antonio,TX,78207,29.45,-98.50,$10059,$20513,$32509,599,1
Riya Cruz,41,68,1978,4,Female,40 Washington Drive,,Boise City,OK,73933,36.73,-102.51,$11342,$23123,$5079,723,6
Saul Walker,54,71,1966,1,Male,3994 Hillside Drive,,Henderson,TX,75652,32.15,-94.79,$17898,$36497,$38333,719,6
Anahi Rogers,76,71,1943,8,Female,172 Birch Street,9,Flagstaff,AZ,86004,35.29,-111.32,$21950,$27484,$16803,660,4
Cayden Rivera,22,68,1997,11,Male,8145 Spruce Boulevard,635,Charlotte,NC,28269,35.19,-80.83,$26481,$53995,$89056,683,3
Cristiano Jenkins,66,68,1953,10,Male,153 Tenth Lane,,Tucson,AZ,85711,32.21,-110.88,$17460,$35602,$55369,661,5
Blaine Murphy,28,57,1991,8,Male,2473 Lake Avenue,6,Helena,GA,31037,32.07,-82.91,$12321,$25122,$43205,819,3
Grayson Diaz,18,65,2002,1,Male,970 Essex Drive,39,Portola Valley,CA,94028,37.37,-122.21,$106305,$216740,$0,700,2
Yadiel Miller,76,66,1943,6,Male,9186 Washington Avenue,,Cleveland,OH,44134,41.47,-81.67,$19524,$41109,$21486,698,2
Roland King,70,64,1949,4,Male,5073 Wessex Avenue,,Tyronza,AR,72386,35.49,-90.35,$14172,$26858,$11245,712,2
Cole Xi,45,65,1975,1,Male,195 Eighth Boulevard,,Central Point,OR,97502,42.39,-122.93,$17131,$34929,$63849,714,1
Jade Green,36,63,1983,8,Female,801 Mill Boulevard,,Mesa,AZ,85201,33.44,-111.85,$16829,$34317,$61826,610,3
Amaya Stewart,40,66,1979,4,Female,6914 Wessex Avenue,7043,Houston,TX,77061,29.76,-95.38,$15389,$31377,$59615,722,2
Grant Gray,37,58,1982,9,Male,776 Norfolk Boulevard,,Van Nuys,CA,91411,34.17,-118.46,$21402,$43638,$104052,627,1
Oliver Reed,41,67,1978,11,Male,2015 Bayview Avenue,8,Cookeville,TN,38501,36.15,-85.50,$15955,$32531,$38260,766,2
Aminah Collins,37,72,1983,2,Female,108 Washington Street,65,Whites Creek,TN,37189,36.28,-86.83,$20657,$42120,$72801,739,4
Ulises Neufelder,18,64,2001,5,Male,660 Seventh Drive,6,Columbus,OH,43230,39.98,-82.98,$28092,$57281,$89114,850,1
Tristan Hughes,49,66,1970,9,Male,7505 Tenth Boulevard,,Miami,FL,33175,25.77,-80.20,$18828,$38390,$87923,783,4
Madalynn Gutierrez,33,69,1986,9,Female,4930 Birch Drive,,Southport,NC,28461,33.92,-78.02,$17498,$35670,$58182,751,2
Rosa Faraday,21,66,1998,9,Female,93 Plum Lane,,Old Saybrook,CT,06475,41.29,-72.36,$30281,$61746,$154817,637,2
Brynn Allen,47,65,1972,11,Female,837 Lincoln Avenue,,Mobile,AL,36693,30.68,-88.04,$21331,$43496,$114563,765,3
Aden Adams,41,55,1978,8,Male,7467 Spruce Drive,,Sacramento,CA,95829,38.48,-121.34,$25431,$51854,$72162,737,2
Haylee Baker,51,68,1968,4,Female,6323 Sussex Boulevard,,Chula Vista,CA,91911,32.61,-117.03,$16942,$34540,$22641,793,5
Nehemiah Turner,46,62,1973,11,Male,8738 Fourth Street,,Hanover Park,IL,60133,41.97,-88.14,$20248,$41287,$88151,662,1
Simon Adams,46,70,1973,10,Male,9344 Mill Drive,,Seaside,CA,93955,36.62,-121.82,$18663,$38054,$63293,666,1
Sunny King,59,62,1961,2,Female,299 11th Street,,Northborough,MA,01532,42.31,-71.64,$39418,$80371,$108499,822,1
Harper Jackson,91,68,1929,2,Female,5492 Maple Drive,2,Overland Park,KS,66221,38.90,-94.68,$51642,$84694,$2149,741,7
Thomas Burns,79,72,1941,2,Male,829 Birch Boulevard,81,Corpus Christi,TX,78410,27.80,-97.39,$23608,$37503,$14272,706,5
Titan Flores,57,75,1962,12,Male,41011 Seventh Boulevard,,Chandler,AZ,85226,33.27,-111.94,$32056,$65357,$21844,685,4
Leslie Myers,26,52,1994,1,Female,613 Little Creek Lane,848,Immokalee,FL,34142,26.41,-81.42,$10819,$22066,$38967,842,1
Joaquin Parker,42,66,1977,11,Male,1942 Rose Avenue,,Port Orange,FL,32128,29.10,-81.00,$21916,$44681,$42011,770,3
Butch Brooks,26,69,1994,2,Male,5101 Birch Lane,,Maryland Heights,MO,63043,38.72,-90.47,$25163,$51306,$68198,675,1
Kiera Allen,18,59,2002,2,Female,7 11th Drive,,San Antonio,TX,78210,29.45,-98.50,$12677,$25847,$46379,568,1
Lylah Peres,60,64,1959,11,Female,2468 Spruce Drive,78,Longwood,FL,32750,28.70,-81.34,$22896,$46683,$93126,788,5
Ty Jackson,61,66,1958,11,Male,8001 Essex Boulevard,,Milwaukee,WI,53210,43.06,-87.96,$15487,$31579,$52419,771,3
Bodhi Nguyen,47,65,1972,10,Male,708 George Street,,Camilla,GA,31730,31.22,-84.21,$13759,$28055,$12475,829,3
Chaya Howard,42,68,1977,12,Female,28 Hillside Boulevard,4,Canton,MI,48188,42.30,-83.48,$32078,$65403,$80057,784,4
Kyleigh Rogers,55,73,1964,11,Female,446 Birch Drive,,La Follette,TN,37766,36.37,-84.12,$13522,$27572,$59404,797,1
Mikaela Martin,48,70,1971,12,Female,578 Maple Avenue,,Inman,SC,29349,35.05,-82.09,$18899,$38539,$0,850,3
Luella Perry,41,57,1978,7,Female,14 Valley Drive,,Poca,WV,25159,38.47,-81.81,$18666,$38059,$68220,634,2
Lainey Gutierrez,59,68,1960,11,Female,2475 Little Creek Boulevard,,Leander,TX,78641,30.56,-97.86,$25872,$52754,$38191,693,5
Marvin Anwar,45,59,1975,2,Male,9604 Catherine Drive,,Rego Park,NY,11374,40.72,-73.86,$25109,$51196,$67164,631,4
Holden Taylor,26,70,1993,7,Male,349 First Drive,,Atlanta,GA,30318,33.78,-84.44,$24382,$49713,$91776,763,1
Aiyana Abe,21,68,1998,4,Female,7914 Essex Boulevard,46,Toledo,OH,43623,41.66,-83.58,$21660,$44160,$134173,696,3
Milani Merkel,46,59,1973,5,Female,524 Ocean Drive,87,Houston,TX,77056,29.76,-95.38,$95039,$193773,$241571,660,1
Princess Cooper,41,66,1979,2,Female,2079 Maple Drive,,Mount Union,PA,17066,40.38,-77.88,$14650,$29864,$44902,717,2
Wyatt Davis,22,67,1997,7,Male,295 Valley Drive,,San Antonio,TX,78232,29.45,-98.50,$28135,$57367,$115418,795,2
Nathalie Faraday,63,58,1957,2,Female,2883 Ocean View Boulevard,1,Black Diamond,WA,98010,47.32,-121.99,$32697,$56635,$13015,786,8
Erik Chen,44,67,1975,3,Male,5125 Elm Drive,,Ogden,UT,84414,41.31,-111.96,$23165,$47227,$151030,760,4
Gatlin Morris,22,68,1997,10,Male,4098 Park Drive,8,Fort Worth,TX,76115,32.75,-97.33,$12051,$24574,$80667,674,3
Eloise Bennett,29,65,1991,1,Female,892 Spruce Street,,Saint Albans,NY,11412,40.69,-73.75,$21283,$43397,$42168,697,2
Leighton Wood,28,72,1991,6,Female,9977 Oak Avenue,,Oxford,MD,21654,38.68,-76.17,$28497,$58105,$70254,688,3
Layne Butler,82,67,1937,6,Male,79 South Boulevard,,Gonzales,TX,78629,29.50,-97.44,$15092,$10869,$1820,820,2
Janiyah Foster,90,66,1929,6,Female,145 River Drive,,Allentown,PA,18102,40.59,-75.47,$12427,$19893,$1712,566,3
Jagger Braun,63,65,1956,8,Male,7605 Essex Boulevard,,Mount Vernon,OH,43050,40.39,-82.47,$18019,$36743,$71719,612,2
Brianna Powell,49,70,1970,7,Female,480 Seventh Lane,1,Trenton,NJ,08610,40.22,-74.76,$22747,$46377,$79980,719,3
Elle Clark,36,69,1983,10,Female,5506 Fifth Boulevard,8012,Gardena,CA,90248,33.88,-118.27,$24611,$50179,$110515,743,1
Nathan Merkel,30,65,1989,11,Male,136 Spruce Street,,Petaluma,CA,94955,38.22,-122.55,$26748,$54537,$121987,765,4
Kristopher Nelson,23,66,1996,12,Male,306 First Drive,62,Apopka,FL,32712,28.68,-81.51,$24155,$49255,$6557,823,2
Asher Ortiz,42,65,1977,10,Male,272 Burns Boulevard,,Summit Argo,IL,60501,41.77,-87.82,$15221,$31031,$21853,744,7
Tristian Walker,65,66,1955,1,Male,190 Sixth Drive,,Rockwall,TX,75032,32.92,-96.45,$34659,$70673,$87605,714,4
Emily Parker,87,57,1932,10,Female,8569 Wessex Boulevard,,Birmingham,AL,35211,33.52,-86.79,$13263,$16342,$1758,747,5
Dangelo Ortiz,22,65,1997,9,Male,385 Lexington Boulevard,4,Seminole,TX,79360,32.71,-102.65,$15183,$30961,$42597,677,1
Ariana Cook,58,67,1961,3,Female,407 Park Lane,,Islandton,SC,29929,32.90,-80.93,$14864,$30305,$23392,776,3
Santana Myers,30,68,1989,3,Male,5142 Little Creek Street,,Edmond,OK,73034,35.67,-97.41,$33736,$68784,$198417,696,4
Faye Walker,25,71,1994,8,Female,224 Mountain View Boulevard,,Kalispell,MT,59901,48.19,-114.38,$17040,$34745,$26503,691,4
Rebecca Gonzalez,18,67,2001,11,Female,4735 Fifth Avenue,1,Baton Rouge,LA,70808,30.44,-91.12,$31741,$64715,$174664,740,3
Nadia Perry,59,69,1961,2,Female,4793 North Street,17,Mars,PA,16046,40.69,-80.01,$39464,$80464,$76261,727,3
Lizbeth Baker,18,67,2002,2,Female,72 El Camino Boulevard,,Pittsburgh,PA,15220,40.43,-79.97,$24400,$49748,$23161,748,1
Bryan Fox,61,58,1958,11,Male,381 Fifth Lane,6,Ontario,CA,91764,34.07,-117.62,$16113,$41904,$12545,655,4
Juliette Howard,54,70,1965,9,Female,393 Mountain View Lane,,Newport Coast,CA,92657,33.60,-117.82,$96516,$196784,$437533,729,3
Bella Kelley,27,66,1992,3,Female,293 Wessex Street,2,Northville,MI,48168,42.40,-83.60,$49458,$100837,$61377,687,2
Jordy Bailey,32,65,1987,6,Male,7276 Fourth Drive,,Fenton,MI,48430,42.80,-83.71,$25334,$51654,$95454,600,4
Amelia Fernandez,64,69,1955,6,Female,327 Lafayette Boulevard,457,Lancaster,OH,43130,39.72,-82.59,$18680,$38088,$51679,691,2
Bjorn Schmidt,18,69,2001,8,Male,2846 Lake Avenue,,Welsh,LA,70591,30.23,-92.81,$18082,$36866,$0,680,2
Skylar James,52,70,1967,9,Male,2093 Ocean Street,,Oakland,CA,94606,37.78,-122.24,$18443,$37607,$63689,749,5
Mae Farhad,49,66,1970,10,Female,981 Fifth Boulevard,,Fort Morgan,CO,80701,40.26,-103.79,$16910,$34480,$58795,696,1
Nikolai Cruz,43,66,1977,1,Male,18 Norfolk Boulevard,,Madison,WI,53716,43.07,-89.38,$23680,$48279,$114254,719,2
Jared Hill,36,65,1983,7,Male,977 Littlewood Avenue,,Panama City,FL,32401,30.17,-85.67,$16133,$32896,$69800,735,2
Jeremias Russell,18,71,2001,6,Male,993 Mountain View Avenue,,Perris,CA,92570,33.78,-117.33,$14667,$29909,$42832,664,2
Aubrielle Roman,37,64,1982,12,Female,896 Rose Street,,Minneapolis,MN,55433,44.96,-93.26,$23278,$47464,$83591,716,1
Carla James,23,64,1996,5,Female,2418 Mill Drive,3999,San Jose,CA,95129,37.30,-122.00,$41750,$85128,$108678,641,1
Kase Nguyen,54,69,1965,9,Male,3683 Fifth Street,7760,Mount Holly,NC,28120,35.30,-81.03,$22487,$45852,$114746,615,2
Annalee Sanders,33,67,1986,7,Female,0 Elm Street,,Glendale,AZ,85301,33.53,-112.18,$13024,$26556,$43042,840,2
Journee Collins,63,67,1956,11,Female,2302 Catherine Lane,,Hollywood,FL,33024,26.02,-80.16,$19712,$40194,$107765,738,6
Trent Davis,22,67,1998,2,Male,213 Rose Drive,,Irving,TX,75038,32.85,-96.96,$30475,$62135,$75209,676,2
Zavier Phillips,48,65,1972,1,Male,8975 Littlewood Boulevard,,Cape Coral,FL,33914,26.63,-81.99,$19274,$39303,$23650,702,7
Ivory Peres,63,64,1956,3,Female,1389 Park Lane,,Waldorf,MD,20603,38.64,-76.90,$35114,$71593,$132181,821,3
Ace Bailey,75,67,1944,12,Male,2890 Eighth Lane,,Maywood,IL,60153,41.88,-87.84,$15451,$22158,$19101,681,5
Agustin Reyes,62,66,1957,6,Male,20 Littlewood Boulevard,5,Howard Beach,NY,11414,40.66,-73.84,$26481,$53996,$98211,632,4
Hannah Chen,28,73,1991,10,Female,6413 Second Street,,Pensacola,FL,32505,30.44,-87.18,$12766,$26025,$23971,723,4
Zahra Williams,25,69,1994,11,Female,611 Elm Lane,,Yonkers,NY,10710,40.94,-73.86,$31299,$63816,$100128,775,1
Estelle Richardson,56,73,1964,1,Female,889 Martin Luther King Avenue,,Apex,NC,27502,35.72,-78.84,$32485,$66230,$90248,742,3
Lochlan Morris,56,56,1963,10,Male,336 Rose Avenue,,Chicago,IL,60616,41.83,-87.68,$25365,$36335,$28929,676,2
Simone Carter,59,61,1961,2,Female,4254 Plum Lane,,Westminster,CA,92683,33.74,-117.99,$19438,$39633,$58586,777,3
Zariah Mitchell,43,69,1976,8,Female,825 Sussex Avenue,,Dyer,IN,46311,41.50,-87.50,$28048,$57185,$0,773,3
Samuel Fu,37,69,1982,11,Male,185 Forest Drive,,Marietta,GA,30068,33.95,-84.54,$40530,$82637,$84762,739,2
Virginia Gutierrez,60,57,1960,1,Female,561 Martin Luther King Avenue,,Novi,MI,48375,42.47,-83.49,$34259,$31121,$32768,619,5
Isaias Robinson,47,67,1972,11,Male,335 Valley Stream Boulevard,,Gonzales,TX,78629,29.50,-97.44,$15092,$30774,$51428,700,3
Eduardo Wood,48,67,1971,12,Male,1773 Hill Street,,Shelbyville,IL,62565,39.40,-88.80,$16300,$33236,$57549,747,1
Parker Howard,35,65,1984,10,Male,55 Ocean View Street,,Amarillo,TX,79110,35.20,-101.81,$18613,$37947,$49951,683,3
Kendrick Brooks,24,65,1995,11,Male,8245 El Camino Lane,5,Wichita,KS,67207,37.68,-97.34,$21518,$43875,$128146,639,1
Maci Diaz,26,66,1993,5,Female,9530 Washington Street,,Novato,CA,94947,38.10,-122.63,$30335,$61850,$81158,728,9
Matias Farhad,28,71,1991,5,Male,221 Lexington Avenue,,Savannah,GA,31420,32.08,-81.10,$19770,$40314,$131348,707,4
Silas Ward,26,67,1993,8,Male,2484 Norfolk Drive,1,Milford,DE,19963,38.91,-75.43,$18622,$37968,$55982,788,3
Roland Gonzalez,41,67,1978,11,Male,133 Grant Lane,,Fremont,MI,49412,43.46,-85.95,$17145,$34954,$45456,772,3
Yehuda Jones,40,74,1979,9,Male,1977 Lake Avenue,,Woodland Hills,CA,91364,34.15,-118.60,$47055,$95945,$222735,772,2
Kaelyn Anwar,18,58,2002,2,Female,352 George Street,6,Fort Gratiot,MI,48059,43.07,-82.49,$16598,$33844,$42109,684,2
Justice Ortiz,66,67,1953,4,Male,554 Grant Boulevard,,Andover,KS,67002,37.69,-97.13,$32162,$65573,$143069,739,4
Messiah Bell,40,66,1979,7,Male,631 Ocean View Street,2,Madison,WI,53704,43.07,-89.38,$23840,$48609,$43520,737,3
Keira Wright,45,70,1974,5,Female,31 Jefferson Boulevard,,Fernwood,ID,83830,47.09,-116.46,$12618,$25723,$34007,746,3
Caylee Gutierrez,19,72,2000,3,Female,973 Federal Avenue,,Daphne,AL,36526,30.62,-87.89,$25495,$51984,$79152,691,3
Angel Hill,34,65,1986,2,Male,95266 Bayview Drive,,Oakland,CA,94611,37.83,-122.22,$52813,$107683,$225017,694,3
Bridget Faraday,24,69,1996,2,Female,932 Essex Street,6,Perris,CA,92571,33.83,-117.20,$16109,$32847,$33514,721,2
Sebastian Lee,57,66,1963,1,Male,126 Valley Drive,,Jackson,MS,39213,32.32,-90.20,$11061,$22556,$43260,645,4
Lizbeth Garcia,35,54,1984,9,Female,239 South Drive,,Aberdeen,MD,21001,39.51,-76.17,$22590,$46063,$106528,618,1
Ximena Davis,19,65,2000,9,Female,1134 Valley Drive,2623,Farmington,CT,06032,41.71,-72.83,$46762,$95348,$71972,706,3
Haley Braun,28,65,1992,1,Female,5863 Grant Avenue,,Wellsville,KS,66092,38.71,-95.08,$22158,$45180,$13168,698,2
Kalel Hughes,37,69,1982,4,Male,3472 11th Avenue,5,Orlando,FL,32822,28.50,-81.37,$15137,$30865,$55079,594,1
Korbin Roman,20,69,1999,11,Male,5590 Bayview Avenue,200,Avoca,MI,48006,43.05,-82.67,$20377,$41543,$49021,732,4
Kenny Gray,53,73,1966,9,Male,94 Jefferson Drive,8211,Tyler,TX,75706,32.32,-95.30,$14811,$30198,$40950,693,6
Adilynn Wood,45,64,1974,12,Female,582 Birch Boulevard,,Fort Myers,FL,33901,26.63,-81.85,$19621,$40006,$72794,621,1
Kace Chen,53,68,1966,5,Male,809 Mountain View Boulevard,,Olathe,KS,66062,38.88,-94.81,$30232,$61646,$0,693,3
Abril Cook,39,67,1980,10,Female,6339 Fourth Street,,Reisterstown,MD,21136,39.45,-76.81,$33175,$67643,$0,714,6
Ivy Gutierrez,86,71,1933,5,Female,81 Hill Avenue,66,Detroit,MI,48235,42.38,-83.10,$13820,$22650,$0,690,6
Garrett Macron,63,67,1956,10,Male,28136 Wessex Street,,Brooklyn,NY,11212,40.64,-73.94,$14856,$30288,$42745,689,4
Nolan Sadr,67,65,1952,10,Male,8787 Rose Avenue,,San Francisco,CA,94112,37.72,-122.44,$22549,$47213,$1082,789,5
Marianna Gutierrez,76,66,1943,10,Female,96 Ninth Lane,,Konawa,OK,74849,34.95,-96.75,$15005,$28215,$18116,697,2
Stetson Thomas,32,55,1987,4,Male,3249 12th Drive,,Woodinville,WA,98077,47.75,-122.04,$51751,$105515,$192458,646,4
Vicente Martinez,36,68,1983,12,Male,9340 Valley Street,20,Bradenton,FL,34207,27.48,-82.57,$13972,$28489,$6087,808,4
Amayah Thomas,63,69,1956,9,Female,6429 Fifth Avenue,42,Charlotte,NC,28226,35.19,-80.83,$39752,$81048,$156195,781,4
Zelda Ward,19,62,2000,12,Female,849 George Avenue,,Easton,MD,21601,38.77,-76.06,$23180,$47263,$74853,726,2
Drake Howard,19,71,2000,7,Male,804 Seventh Boulevard,,Redding,CA,96002,40.52,-122.32,$16585,$33816,$77770,635,1
Danielle Carter,25,69,1994,9,Female,76009 Valley Stream Boulevard,,Waukegan,IL,60085,42.37,-87.86,$15770,$32160,$62803,634,1
Kora Bailey,83,65,1936,8,Female,387 Third Boulevard,,Rio Rico,AZ,85648,31.50,-111.06,$15462,$29494,$1196,689,5
Emery Mitchell,68,63,1951,3,Female,6398 Lake Lane,,Franklin,TN,37067,35.92,-86.84,$36563,$70554,$39078,655,5
Zayn Nguyen,63,62,1956,9,Male,786 12th Drive,10,Wheeling,IL,60090,42.13,-87.92,$23098,$33686,$24997,488,2
Myah Gray,92,72,1927,8,Female,290 Forest Street,,Tucson,AZ,85749,32.28,-110.73,$30818,$57732,$2261,726,6
Cash Watson,21,65,1998,3,Male,320 Hillside Lane,,Memphis,TN,38106,35.10,-90.00,$10730,$21879,$69638,762,1
Benson Xi,28,65,1991,5,Male,437 Ocean View Drive,,State College,PA,16801,40.79,-77.85,$25031,$51041,$106989,686,1
Bjorn Perez,18,69,2002,1,Male,9850 Birch Drive,,West Roxbury,MA,02132,42.28,-71.16,$34519,$70380,$106797,725,2
Edward Abe,25,64,1994,8,Male,55 Third Drive,,Elmwood Park,IL,60707,41.92,-87.81,$20902,$42617,$67590,771,5
Shepard Lopez,75,65,1944,7,Male,177 Mill Boulevard,,Manahawkin,NJ,08050,39.69,-74.25,$21861,$46031,$8332,661,5
Estrella Sullivan,55,66,1964,10,Female,886 Little Creek Drive,,Delmar,NY,12054,42.62,-73.83,$31927,$65094,$23909,699,3
Jane Brooks,27,65,1993,2,Female,327 Seventh Boulevard,,Lexington,KY,40517,38.04,-84.45,$18278,$37268,$50388,626,1
Zaria Brooks,53,67,1967,2,Female,8224 Fourth Drive,,Waterbury,CT,06705,41.55,-73.03,$19114,$38972,$44098,738,3
Elsa Gonzalez,63,64,1957,2,Female,174 Catherine Boulevard,948,Compton,CA,90222,33.91,-118.23,$13075,$26661,$42667,750,5
Atticus Abe,48,66,1971,9,Male,496 Hill Lane,,Minneapolis,MN,55419,44.96,-93.26,$40364,$82295,$1555,736,4
Alfonso Gao,47,68,1972,9,Male,23068 Park Street,2,Lansing,NC,28643,36.49,-81.50,$12630,$25748,$41455,738,3
Ronin White,56,65,1963,11,Male,27019 Madison Lane,,Bean Station,TN,37708,36.34,-83.28,$13668,$27861,$108313,782,5
Gannon Baker,18,72,2001,12,Male,293 First Boulevard,,Redlands,CA,92374,34.06,-117.17,$23820,$48561,$0,752,1
Nicole Gomez,66,69,1953,4,Female,8929 Essex Drive,,Bloomington,IN,47403,39.16,-86.52,$19125,$38999,$64875,747,4
Korbin Long,62,66,1957,4,Male,1569 George Boulevard,,Bailey,NC,27807,35.78,-78.11,$16239,$33112,$56040,716,2
Melina Wright,34,66,1985,10,Female,326 Elm Lane,5,Charlotte,NC,28211,35.19,-80.83,$49477,$100880,$210445,770,1
Briar Smith,22,65,1997,11,Male,32 Valley Drive,,Oxnard,CA,93031,34.21,-119.18,$18175,$37058,$50548,680,2
Yahya Anderson,24,58,1995,3,Male,4132 Norfolk Boulevard,3,Hyattsville,MD,20785,38.95,-76.95,$23166,$47234,$89154,685,3
Florence Masvidal,45,72,1974,5,Female,819 El Camino Boulevard,,Cushing,OK,74023,35.97,-96.76,$17237,$35142,$107898,731,4
Danna Torres,43,65,1976,3,Female,742 Lake Street,,Coos Bay,OR,97420,43.37,-124.14,$15069,$30721,$49961,749,3
Paityn King,56,67,1963,12,Female,607 George Boulevard,,Acworth,GA,30101,34.05,-84.67,$28862,$58846,$126806,746,3
Layne Green,29,68,1990,6,Male,704 Eighth Avenue,,Waterville,NY,13480,42.93,-75.38,$19161,$39069,$63884,720,2
Sasha Gao,20,65,2000,2,Female,8643 Lafayette Boulevard,,Lawrenceville,GA,30043,33.94,-83.99,$24252,$49449,$30723,728,3
Yamileth Mitchell,39,73,1980,3,Female,63 Plum Street,,Stearns,KY,42647,36.69,-84.47,$10942,$22312,$39445,720,5
Mateo Robinson,32,72,1987,4,Male,5381 12th Boulevard,6,Miami,OK,74355,36.88,-94.87,$17845,$36388,$92949,710,4
Izabella Phillips,52,68,1967,8,Female,65 Fifth Boulevard,,Saint Cloud,FL,34771,28.24,-81.28,$22086,$45037,$31792,710,3
Samantha Gonzalez,47,63,1972,10,Female,2614 Eighth Lane,,Waupaca,WI,54981,44.35,-89.07,$18937,$38615,$74337,601,4
Bentlee Garcia,40,61,1979,7,Male,196 Plum Lane,,Bronx,NY,10458,40.84,-73.87,$13845,$28229,$55675,622,5
Sarah Clark,58,67,1961,11,Female,444 Maple Avenue,990,Noblesville,IN,46060,40.05,-86.03,$24638,$50232,$1218,751,4
Judah Jones,59,66,1960,5,Male,868 Maple Drive,,Greenville,KY,42345,37.20,-87.17,$16847,$34350,$61639,705,3
Bentley Lopez,47,69,1972,11,Male,6009 River Avenue,,Canton,GA,30114,34.24,-84.49,$25654,$52308,$135319,679,1
Juliet Hughes,27,66,1992,8,Female,2058 Spruce Street,,Saint Petersburg,FL,33709,27.75,-82.64,$15724,$32061,$58904,676,1
Javon Long,75,69,1945,2,Male,6930 East Lane,,Tooele,UT,84074,40.57,-112.33,$21749,$21154,$5764,705,6
Allie Sullivan,52,72,1967,10,Female,31204 El Camino Lane,,Austin,TX,78728,30.26,-97.74,$25594,$52186,$42852,737,4
Kassidy Morgan,43,70,1976,5,Female,967 First Avenue,4,Pierceton,IN,46562,41.19,-85.70,$17294,$35264,$70328,770,2
Evelynn Diaz,84,71,1935,9,Female,136 Hillside Avenue,,Walnut Creek,CA,94598,37.91,-122.01,$42234,$79870,$4031,609,2
Hayden Myers,70,59,1949,12,Female,669 South Street,,Barnstable,MA,02630,41.70,-70.30,$26762,$41902,$29713,633,5
Laura Cook,24,61,1995,8,Female,66992 Second Street,,Las Vegas,NV,89131,36.30,-115.24,$31374,$63969,$128412,626,1
Khalil Morgan,47,68,1972,7,Male,208 Park Avenue,,Lyndonville,VT,05851,44.53,-72.00,$16976,$34606,$23909,680,5
Moshe Gutierrez,32,60,1987,11,Male,335 Main Street,,Atlanta,GA,30310,33.72,-84.42,$13059,$26631,$33950,805,1
Pratik Thomas,39,64,1980,11,Male,532 12th Drive,3,Palm Bay,FL,32907,27.98,-80.66,$17645,$35978,$49366,643,3
Myles Robinson,64,69,1955,10,Male,1350 Lake Drive,5415,Van Alstyne,TX,75495,33.41,-96.57,$24402,$49756,$89743,618,4
Martin Reed,37,71,1982,6,Male,691 First Lane,2,Nashville,TN,37221,36.17,-86.78,$29868,$60897,$85771,850,3
Elora Schmidt,58,65,1961,3,Female,511 Grant Avenue,266,Dawsonville,GA,30534,34.42,-84.11,$20581,$41963,$53857,741,1
Violet Robinson,37,60,1982,7,Female,3510 Mountain View Street,,Minneapolis,MN,55432,44.96,-93.26,$22059,$44976,$134335,684,1
Phoenix Long,27,69,1992,9,Male,9264 Lake Avenue,,Grand Prairie,TX,75052,32.69,-97.01,$22922,$46733,$34333,692,2
Sue Powell,26,60,1993,4,Female,596 Mountain View Lane,,Centerville,MA,02632,41.66,-70.34,$23129,$47160,$64193,578,1
Tatum Reyes,23,65,1996,7,Male,374 East Lane,9032,West Lafayette,IN,47906,40.44,-86.91,$24737,$50433,$97029,838,3
Brennan Diaz,20,63,1999,8,Male,51 George Avenue,,Federal Way,WA,98023,47.30,-122.37,$25363,$51713,$86165,809,1
Emanuel Rivera,45,65,1974,8,Male,3916 Tenth Boulevard,9,Fort Worth,TX,76106,32.75,-97.33,$11876,$24215,$28552,707,6
Gianni Kelly,49,59,1970,9,Male,813 Fifth Boulevard,,Caledonia,OH,43314,40.63,-82.96,$18293,$37298,$52134,683,1
Kane Harris,25,67,1994,12,Male,8931 Norfolk Drive,,Mesa,AZ,85203,33.44,-111.80,$19844,$40457,$68826,739,1
Willie Nguyen,58,72,1961,6,Male,8996 Third Street,,Arlington,MA,02476,42.41,-71.16,$40694,$82974,$181429,503,2
Evalyn Rogers,46,68,1973,7,Female,33 Tenth Street,,Huntington Station,NY,11746,40.84,-73.40,$34873,$71103,$136853,721,4
Jaycee James,43,75,1976,5,Female,5528 Lake Lane,,Muse,PA,15350,40.32,-80.21,$14320,$29194,$10895,703,2
Killian Thompson,52,67,1967,10,Male,8824 Hillside Avenue,,Hendersonville,NC,28739,35.32,-82.46,$16410,$33465,$98713,669,3
Alayna Carter,20,71,1999,6,Female,69 Norfolk Avenue,,Warren,OH,44483,41.23,-80.81,$15361,$31314,$40331,721,4
Maximilian Kelly,36,68,1983,7,Male,57 Pine Boulevard,,Tulsa,OK,74110,36.12,-95.91,$11633,$23718,$1386,712,2
Cecilia Thompson,46,66,1973,6,Female,9528 Hill Street,861,Arnold,MD,21012,39.04,-76.49,$35645,$72670,$28915,718,3
Harley Wright,24,67,1995,4,Female,8251 Park Lane,,Dublin,OH,43016,40.11,-83.13,$38243,$77972,$6128,686,3
Jamie Merkel,38,66,1981,10,Female,177 Maple Boulevard,,Van Buren,AR,72956,35.44,-94.35,$17093,$34854,$40722,746,5
Lauren Parker,25,69,1994,12,Female,299 Oak Boulevard,,Mcminnville,OR,97128,45.19,-123.24,$18098,$36902,$60538,711,1
Eva Roman,28,59,1991,12,Female,7087 Plum Street,,Saint Petersburg,FL,33706,27.75,-82.64,$26476,$53984,$76118,701,1
Koa Barnes,80,69,1939,3,Male,614 Spruce Avenue,,Whitehouse Station,NJ,08889,40.60,-74.76,$46827,$104692,$6955,704,2
Raven Hall,24,66,1995,5,Female,625 Washington Lane,,Kirkland,WA,98033,47.67,-122.18,$49629,$101191,$290730,659,1
Roberto Peres,38,66,1981,10,Male,311 Fifth Drive,,Ann Arbor,MI,48103,42.27,-83.73,$34119,$69566,$50003,791,4
London Reyes,21,71,1998,4,Male,966 Sussex Boulevard,,Villa Park,IL,60181,41.88,-87.97,$24223,$49382,$43126,762,1
Julianna Clark,41,65,1979,1,Female,9059 Eighth Avenue,,Bakersville,NC,28705,36.01,-82.15,$14093,$28733,$0,702,3
Makai Ward,87,72,1932,8,Male,4713 First Boulevard,,Columbia City,IN,46725,41.15,-85.48,$19914,$30349,$2985,686,4
Jayden Diaz,31,68,1988,3,Male,4165 Valley Avenue,,Glen Carbon,IL,62034,38.76,-89.97,$28710,$58538,$93153,610,1
Hazel Collins,32,66,1987,8,Female,38 Catherine Boulevard,5,Saint Petersburg,FL,33705,27.75,-82.64,$18100,$36901,$23293,695,4
Deacon Bell,70,65,1950,1,Male,3485 Federal Avenue,,Cochranville,PA,19330,39.87,-75.92,$24725,$49531,$6707,737,6
Rafael Cruz,68,66,1951,8,Male,198 Main Boulevard,46,Chicago,IL,60653,41.83,-87.68,$20649,$35370,$14777,562,1
Ruby Farhad,45,62,1975,1,Female,891 Fourth Avenue,,Wooster,OH,44691,40.81,-81.93,$18962,$38666,$116783,822,1
Jewel Baker,24,70,1995,12,Female,8094 Catherine Lane,,Lowell,MA,01851,42.63,-71.32,$20458,$41714,$54541,687,3
Jason Moore,32,66,1987,8,Male,41 Plum Boulevard,8942,Lottsburg,VA,22511,37.96,-76.51,$12018,$24505,$52405,759,1
Pierce Cooper,43,65,1977,1,Male,2974 Grant Avenue,49,Valley Stream,NY,11580,40.66,-73.70,$27778,$56640,$104134,672,4
Lucinda Nelson,53,67,1966,10,Female,456 Lincoln Boulevard,77,Orchard Park,NY,14127,42.76,-78.74,$30202,$61578,$85383,602,2
Fiona Gomez,53,66,1966,11,Female,1959 Forest Street,,Rockford,IL,61107,42.27,-89.06,$24589,$50139,$109623,767,3
Mohamed Parker,21,68,1998,12,Male,74 Hill Avenue,9,Minneapolis,KS,67467,39.12,-97.70,$16990,$34646,$54205,759,1
Jaylen Merkel,22,65,1998,1,Male,5274 Martin Luther King Lane,,Fort Worth,TX,76164,32.75,-97.33,$12274,$25024,$29227,691,2
Sydney Fox,41,68,1979,1,Female,136 South Street,,Chicago,IL,60619,41.83,-87.68,$16114,$32856,$26535,703,3
Sally Mitchell,41,66,1978,10,Female,560 Summit Street,,Hillsboro,IL,62049,39.16,-89.48,$17696,$36080,$80443,839,3
Marissa Miller,32,68,1987,11,Female,593 Washington Drive,,Garland,TX,75042,32.91,-96.62,$14535,$29637,$56446,569,3
Clark Braun,56,65,1964,2,Male,281 Martin Luther King Avenue,,Wewoka,OK,74884,35.14,-96.49,$14004,$28553,$94214,747,3
Sullivan Brown,18,65,2001,9,Male,1335 Norfolk Drive,8,East Falmouth,MA,02536,41.56,-70.55,$21335,$43499,$108468,701,4
Aubree Howard,35,57,1984,6,Female,47428 First Boulevard,,Solon,IA,52333,41.80,-91.49,$29059,$59248,$173887,725,5
Nixon Abe,44,65,1975,6,Male,6995 North Drive,92,Indianapolis,IN,46236,39.77,-86.14,$32865,$67008,$81402,778,8
Ophelia Martin,31,68,1988,10,Female,5857 12th Avenue,,Sherman Oaks,CA,91403,34.14,-118.46,$51976,$105963,$106266,684,4
Amos Cox,30,66,1989,4,Male,4096 Sussex Avenue,,Montgomery,AL,36117,32.35,-86.28,$27653,$56383,$130152,800,4
Xander Abe,38,78,1981,8,Male,2867 Federal Drive,,Campbell,TX,75422,33.14,-95.95,$18934,$38609,$27463,740,3
Jase Wilson,48,66,1971,9,Male,96 11th Street,,Pensacola,FL,32507,30.44,-87.18,$17987,$36671,$39882,850,3
Antonio Evans,28,65,1991,10,Male,654 Elm Drive,,Atlanta,GA,30331,33.71,-84.53,$19550,$39860,$112825,728,1
Abril Labelle,18,63,2002,2,Female,345 George Avenue,922,Waynesboro,VA,22980,38.06,-78.90,$18531,$37785,$58187,748,1
Terrence Long,50,68,1969,6,Male,35 Hillside Drive,,Chicago,IL,60657,41.83,-87.68,$0,$2466,$5521,711,2
Addisyn Sanders,68,60,1951,8,Female,318 Spruce Boulevard,,Lynn,MA,01902,42.47,-70.96,$18682,$27358,$13557,665,2
Annalee Wood,26,65,1994,1,Female,118 12th Avenue,,Powder Springs,GA,30127,33.86,-84.68,$25025,$51024,$181184,602,1
Joslyn Torres,40,64,1979,5,Female,1752 Martin Luther King Avenue,,Oklahoma City,OK,73151,35.46,-97.51,$49868,$101679,$307856,592,1
Leighton Sullivan,20,71,1999,6,Male,982 Plum Boulevard,7078,Lynwood,CA,90262,33.92,-118.20,$13632,$27801,$0,754,1
Ansley Miller,61,69,1958,11,Female,49 Bayview Lane,,Las Vegas,NV,89122,36.10,-115.02,$18897,$38536,$72299,705,1
Angie Cox,43,70,1976,5,Female,5194 Grant Street,6,Greenville,SC,29607,34.83,-82.37,$24314,$49577,$142314,694,3
Matteo Moore,24,71,1995,11,Male,9713 Fourth Lane,,Fresno,CA,93710,36.81,-119.75,$17985,$36672,$49660,739,2
Maddux Miller,43,70,1976,11,Male,857 Jefferson Avenue,,New Braunfels,TX,78130,29.70,-98.11,$19325,$39404,$71859,723,5
Paola Braun,61,60,1958,5,Female,1861 Fourth Boulevard,,Badger,IA,50516,42.61,-94.14,$18849,$18452,$16827,741,6
Elaina Kelly,39,69,1980,9,Female,7549 Fourth Lane,,Lombard,IL,60148,41.87,-88.01,$27741,$56562,$111495,712,4
Briana Nelson,90,74,1929,11,Female,495 Ocean View Lane,,Santa Barbara,CA,93103,34.43,-119.68,$25249,$48580,$1785,687,7
Harper Kelley,41,67,1978,4,Female,6946 Park Drive,2,Hinsdale,NH,03451,42.78,-72.48,$20338,$41469,$119423,659,1
Abril Labelle,52,61,1967,6,Female,4222 Ocean View Drive,,Fort Knox,KY,40121,37.89,-85.96,$15879,$32378,$65919,588,4
Edison Nguyen,57,67,1963,1,Male,46 South Street,,Reidsville,NC,27320,36.34,-79.67,$16888,$34437,$0,681,4
Emerald Campbell,83,68,1936,11,Female,2780 Martin Luther King Drive,,Marshall,MN,56258,44.45,-95.78,$20697,$33897,$533,705,4
Jaxon Cook,38,64,1981,5,Male,215 Ocean View Drive,,Olympia,WA,98516,47.11,-122.76,$24044,$49023,$66148,583,5
Anne Roman,24,65,1995,12,Female,84 Second Lane,971,Chicago,IL,60641,41.83,-87.68,$18937,$38609,$39867,798,3
Spencer Morgan,18,68,2001,11,Female,1987 Hillside Lane,,Corinth,VT,05039,44.02,-72.23,$15062,$30712,$38054,723,2
Prince Masvidal,22,68,1997,7,Male,71 Madison Street,99,El Paso,TX,79938,31.84,-106.43,$16011,$32645,$59851,790,3
Lizbeth Jenkins,81,65,1938,10,Female,9574 Ocean Drive,,Edmonds,WA,98026,47.83,-122.32,$28248,$31912,$2182,630,4
Carson Masvidal,30,67,1990,1,Male,649 Sussex Street,,Watertown,NY,13601,43.97,-75.91,$18401,$37521,$65701,775,2
Briar Merkel,62,70,1957,8,Female,102 Seventh Avenue,,Jessup,MD,20794,39.14,-76.77,$28673,$58463,$141151,737,4
Magdalena Farhad,36,68,1983,3,Female,28 Second Boulevard,6239,Lordsburg,NM,88045,32.34,-108.70,$15407,$31414,$42233,719,4
Jazlyn Anwar,32,63,1987,12,Female,2017 Ninth Drive,,Brooktondale,NY,14817,42.38,-76.39,$20159,$41106,$106963,762,3
Cassandra Macron,53,67,1967,1,Female,595 Valley Stream Drive,,Cedar Rapids,IA,52405,41.97,-91.66,$22502,$45876,$58252,790,7
Astrid Ortiz,37,67,1982,10,Female,3748 Mountain View Drive,,Roseville,CA,95747,38.78,-121.37,$28760,$58637,$87340,803,6
Matthew Martin,35,63,1984,10,Male,626 Federal Drive,,Little Rock,AR,72207,34.72,-92.35,$47364,$96574,$265319,590,3
Rex Long,18,67,2002,2,Male,701 Pine Drive,,Jersey City,NJ,07306,40.71,-74.06,$21642,$44128,$142368,687,3
Bridget Schmidt,77,72,1942,8,Female,9 Plum Boulevard,,Colorado Springs,CO,80918,38.86,-104.76,$22185,$31942,$11845,713,6
Blaise Gomez,27,66,1992,6,Male,1039 Bayview Drive,185,Sterling,VA,20164,39.00,-77.40,$28410,$57927,$87736,557,1
Miller Wright,20,66,1999,6,Male,11162 Oak Drive,,Des Moines,IA,50310,41.57,-93.61,$22425,$45725,$102164,688,4
Raiden Reed,39,65,1980,12,Male,4784 Park Boulevard,,Belgrade,ME,04917,44.44,-69.83,$21647,$44134,$0,792,4
Jefferson Perez,19,66,2001,2,Male,751 Birch Avenue,,San Diego,CA,92169,32.79,-117.25,$27748,$56579,$79726,705,2
Dominique Evans,37,63,1983,2,Male,372 12th Boulevard,,Asheville,NC,28804,35.57,-82.54,$22983,$46864,$58954,751,4
Alyson Lewis,44,67,1975,9,Female,60 Little Creek Avenue,57,Las Vegas,NV,89145,36.16,-115.28,$27761,$56605,$87970,624,3
Maddison Abe,31,66,1988,4,Female,5190 Grant Street,10,San Jose,CA,95121,37.30,-121.80,$25115,$51209,$76900,765,1
Oakley Gray,51,69,1968,4,Male,310 Birch Avenue,76,Pompano Beach,FL,33076,26.23,-80.13,$37424,$76305,$112785,692,3
Bowen Perry,18,61,2001,3,Male,644 Birch Avenue,11,Canonsburg,PA,15317,40.26,-80.18,$30076,$61325,$83899,652,1
Preston Davis,42,69,1977,3,Male,188 Washington Avenue,,San Fernando,CA,91340,34.28,-118.44,$15583,$31772,$17286,734,4
Felicity Nelson,61,67,1958,10,Female,72 Second Street,7,West Linn,OR,97068,45.34,-122.66,$35992,$73383,$155191,760,2
Jakob Roberts,55,66,1964,4,Male,3999 West Lane,,Leicester,MA,01524,42.25,-71.90,$26137,$53287,$51026,816,4
Melina Hall,88,67,1931,4,Female,95 Sixth Avenue,,Millington,TN,38053,35.33,-89.88,$19115,$19225,$1644,809,8
Renata Burns,62,65,1957,11,Female,58 Federal Lane,,Rocky River,OH,44116,41.47,-81.85,$29692,$60541,$160456,716,3
Tori Turner,44,61,1975,12,Female,25 Hill Drive,,Battle Creek,MI,49015,42.29,-85.22,$21639,$44124,$107162,850,1
Pearl Rivera,88,65,1932,1,Female,2947 Lake Lane,,Waterford,MI,48329,42.66,-83.38,$24578,$36764,$839,712,8
Lochlan Morris,47,63,1972,9,Male,857 Catherine Avenue,,Boaz,AL,35957,34.20,-86.15,$14516,$29597,$44388,513,4
Patricia Farhad,37,66,1983,1,Female,33 Mill Street,2,Cincinnati,OH,45224,39.09,-84.51,$18959,$38656,$47523,584,1
Thiago Hughes,45,64,1974,10,Male,41307 Main Lane,,Albuquerque,NM,87121,35.11,-106.62,$15385,$31373,$58481,637,2
Emery Scott,22,68,1997,4,Female,751 Fifth Street,10,Sunbury,PA,17801,40.86,-76.78,$16519,$33681,$78326,697,2
Colson Ajami,39,64,1980,10,Male,6889 Summit Lane,,Cayucos,CA,93430,35.48,-120.92,$18740,$38211,$84427,665,2
Autumn Gonzalez,40,62,1979,7,Female,8100 Hill Avenue,10,Quincy,FL,32353,30.58,-84.58,$13144,$26802,$43444,638,2
Amiya Mitchell,58,65,1962,1,Female,645 Hillside Lane,3,Roan Mountain,TN,37687,36.18,-82.07,$12427,$25334,$182,696,3
Israel Stewart,34,67,1985,3,Male,4591 Third Drive,,Pittsburgh,PA,15203,40.43,-79.97,$30361,$61904,$125358,639,3
Melina Cook,101,68,1918,5,Female,887 Third Boulevard,,Seligman,AZ,86337,35.13,-112.99,$13086,$15348,$1396,761,4
Catherine Roman,44,66,1975,11,Female,33 Pine Lane,985,Cookeville,TN,38501,36.15,-85.50,$15955,$32527,$74331,705,3
Enoch Young,51,63,1969,2,Male,1246 11th Boulevard,,Fort Lauderdale,FL,33318,26.14,-80.13,$21661,$44170,$90049,661,7
Remi Fisher,28,64,1991,6,Female,233 Oak Drive,8,Gresham,OR,97080,45.47,-122.37,$22599,$46077,$101450,686,1
Lyric Roman,58,66,1961,3,Male,4988 Ocean View Lane,,Fort Polk,LA,71459,31.13,-93.27,$11324,$23092,$20545,752,4
Beau Jones,19,69,2000,11,Male,74 Birch Avenue,,Iliff,CO,80736,40.75,-103.06,$15064,$30710,$30956,680,2
Briella Kelly,22,62,1997,11,Female,415 Madison Boulevard,,Mounds,OK,74047,35.87,-96.05,$19856,$40491,$81879,691,2
Rodrigo Braun,44,62,1975,5,Male,6308 Maple Avenue,,West Sacramento,CA,95691,38.66,-121.62,$25234,$51454,$151162,698,4
Jazlynn Watson,47,63,1973,1,Female,430 Sixth Avenue,,Ardsley,NY,10502,41.01,-73.84,$46169,$94133,$189899,603,1
Ibrahim Turner,58,72,1961,8,Male,860 Seventh Avenue,,Fort Walton Beach,FL,32547,30.42,-86.61,$18005,$36710,$116794,786,5
Noel Davis,62,70,1957,8,Male,313 Martin Luther King Boulevard,,Somerville,AL,35670,34.47,-86.80,$18533,$37785,$81500,745,3
Poppy Johnson,58,66,1961,6,Female,2200 Third Drive,,Oak Harbor,WA,98278,48.28,-122.62,$16537,$33717,$58236,698,6
Kyree Evans,50,64,1970,2,Male,5154 Sixth Avenue,,Stockton,CA,95210,38.02,-121.30,$14709,$29994,$100834,769,1
Raylee Fernandez,42,63,1977,6,Female,53789 Bayview Street,,Fort Lauderdale,FL,33313,26.14,-80.13,$14430,$29422,$58679,598,1
Emmett Baker,40,67,1980,1,Male,42 Martin Luther King Drive,86,Saint Thomas,PA,17252,39.92,-77.80,$17405,$35489,$91995,724,5
Destiny Reyes,28,65,1992,1,Female,769 Madison Drive,,Tucson,AZ,85756,32.07,-110.92,$16238,$33106,$108695,763,2
Isabelle Howard,26,65,1994,2,Female,3716 North Boulevard,,Yorkville,IL,60560,41.64,-88.44,$29281,$59699,$71110,688,1
Lionel Labelle,58,70,1961,7,Male,610 Oak Street,,Portland,OR,97212,45.54,-122.64,$33737,$68787,$171854,527,1
Leona Jackson,65,67,1954,11,Female,727 Eighth Lane,,Plymouth,MI,48170,42.37,-83.46,$33031,$67344,$7049,804,4
Holland Howard,68,64,1952,1,Female,651 Fourth Avenue,,San Francisco,CA,94131,37.74,-122.44,$51692,$88432,$63075,694,6
Frankie Powell,36,68,1983,7,Male,895 Lexington Lane,,Woodway,TX,76712,31.49,-97.23,$26061,$53138,$153374,606,4
Charli Nelson,88,65,1931,4,Female,9192 Birch Lane,6,Fargo,ND,58103,46.87,-96.81,$22214,$38523,$49,751,5
Jesus Mitchell,76,63,1944,2,Male,3031 Essex Street,498,Odessa,FL,33556,28.20,-82.59,$34909,$26660,$28332,721,4
Gloria Smith,53,67,1966,10,Female,709 River Lane,,Huntingdon Valley,PA,19006,40.13,-75.06,$34043,$69412,$177225,620,1
Harvey Smith,26,67,1993,5,Male,91 Lake Street,,New Orleans,LA,70130,30.06,-89.93,$32314,$65888,$162364,803,2
Alexander Taylor,37,63,1983,1,Male,5320 Mountain View Street,,Los Angeles,CA,90044,33.95,-118.29,$12362,$25205,$65179,688,1
Maia Anderson,38,65,1981,4,Female,17 Tenth Avenue,,Tonawanda,NY,14150,43.00,-78.87,$19433,$39627,$47793,718,4
Raelynn Nelson,42,66,1978,1,Female,12150 Mill Boulevard,,Jackson,MS,39282,32.32,-90.20,$13717,$27967,$50159,690,2
Allie Gray,50,68,1969,11,Female,373 Sussex Drive,,Florien,LA,71429,31.44,-93.45,$18709,$38142,$0,768,4
Madalyn Rivera,36,67,1984,2,Female,28 Lexington Drive,,Kent,WA,98042,47.36,-122.10,$28919,$58964,$71890,619,1
Greysen Foster,74,66,1945,11,Male,41 Rose Lane,38,West Newton,MA,02465,42.35,-71.22,$56720,$58378,$73124,652,1
Makai Lopez,53,68,1966,8,Male,815 Hillside Drive,,Houston,TX,77064,29.76,-95.38,$26420,$53872,$64269,691,5
Vada Fernandez,75,59,1944,6,Female,7854 Plum Avenue,2,Farmington,MN,55024,44.65,-93.17,$28429,$41513,$15899,748,3
Ava Jones,49,69,1970,7,Female,704 East Drive,,Lake Charles,LA,70605,30.21,-93.20,$26772,$54587,$69070,761,6
Augustine Schmidt,22,62,1997,6,Male,9261 Little Creek Lane,,Vermilion,OH,44089,41.41,-82.31,$20400,$41595,$54451,675,1
Jaxxon Allen,44,64,1975,4,Male,936 Mill Street,38,Memphis,NY,13112,43.08,-76.37,$22047,$44953,$97076,728,1
Wilder Chen,28,65,1991,5,Male,35 Sixth Boulevard,3173,Fort Wayne,IN,46807,41.07,-85.13,$17264,$35199,$68569,739,2
Rivka Bailey,28,59,1991,3,Female,8128 Hillside Avenue,,Cicero,IL,60804,41.84,-87.75,$13891,$28324,$62363,695,2
Lee Turner,38,72,1981,9,Male,9541 Ocean View Drive,,Lewistown,PA,17044,40.59,-77.57,$16375,$33387,$69066,526,3
Lincoln Carter,24,67,1995,9,Male,9614 Ocean View Drive,,Dunlap,TN,37327,35.37,-85.38,$15209,$31006,$71031,681,2
Alfonso Lee,29,60,1990,4,Male,8016 Norfolk Drive,,Cherry Point,NC,28533,34.92,-76.89,$16006,$32636,$42290,782,1
Markus Nguyen,58,65,1961,7,Male,16 Eighth Lane,,Dallas,TX,75253,32.79,-96.76,$12693,$25883,$44404,706,4
Willow Cook,26,60,1993,12,Female,15 Valley Stream Drive,,Tecate,CA,91980,32.59,-116.58,$9352,$19069,$23153,658,1
Leighton Jenkins,59,66,1960,12,Female,584 Bayview Street,,Phoenix,AZ,85032,33.62,-112.00,$22070,$44992,$53368,785,3
Cristiano Walker,58,72,1961,8,Male,967 Norfolk Avenue,,Melbourne,FL,32901,28.08,-80.60,$15840,$32295,$72357,698,4
Aubrielle Macron,57,66,1962,5,Female,186 First Drive,,Hopewell Junction,NY,12533,41.58,-73.80,$33919,$69159,$135111,786,3
Chana Myers,42,59,1977,12,Female,9864 Fifth Lane,,Idlewild,MI,49642,43.88,-85.80,$6201,$12643,$19299,645,1
Leanna Bailey,34,65,1985,9,Female,862 11th Drive,,Walnut Creek,CA,94596,37.89,-122.03,$42685,$87030,$161964,727,3
Lorelai Ward,82,66,1937,6,Female,7236 South Boulevard,,Chicago,IL,60616,41.83,-87.68,$25365,$41793,$1141,730,5
Jace Moore,39,71,1981,2,Male,5944 Grant Avenue,,Tuscaloosa,AL,35405,33.23,-87.54,$20553,$41907,$87163,728,4
Orion Sullivan,48,61,1971,11,Male,70 Second Drive,,Pittsfield,NH,03263,43.30,-71.33,$19781,$40336,$144284,668,4
Cassidy Anwar,19,62,2000,11,Female,5378 Lafayette Avenue,,Columbus,OH,43219,39.98,-82.98,$15539,$31683,$46987,817,4
Daisy Flores,57,67,1962,6,Female,839 East Avenue,,Las Vegas,NV,89142,36.14,-115.03,$19377,$39508,$18870,770,4
Maximiliano King,42,67,1978,2,Male,209 George Avenue,,Denmark,SC,29042,33.31,-81.13,$12189,$24859,$43986,683,2
Leandro Cooper,42,67,1977,6,Male,583 El Camino Boulevard,,Marshfield,MA,02050,42.09,-70.70,$34059,$69440,$129944,743,3
Barrett Barnes,25,70,1995,1,Male,9892 George Drive,,Laredo,TX,78046,27.53,-99.48,$10626,$21666,$38058,610,2
Kiana Hill,30,66,1989,10,Female,781 Federal Street,2,North Chili,NY,14514,43.11,-77.80,$22855,$46599,$12700,684,4
Kai Martinez,22,71,1997,6,Male,3132 Lake Avenue,,Carmichael,CA,95608,38.62,-121.32,$24781,$50525,$118160,701,2
Evie Fernandez,60,68,1959,9,Female,29 12th Avenue,,Byron,IL,61010,42.12,-89.25,$25698,$52397,$72810,729,3
Dilan Anwar,53,63,1966,8,Male,415 Lafayette Drive,10,Avilla,IN,46710,41.36,-85.23,$19236,$39222,$66559,583,3
Hayes Rivera,73,60,1946,7,Male,833 Elm Lane,,Houston,TX,77012,29.76,-95.38,$12434,$18015,$10463,645,2
Maleah Williams,65,64,1954,3,Female,8437 Sixth Street,,Traverse City,MI,49684,44.75,-85.60,$20035,$42102,$9645,672,3
Hendrix Myers,36,66,1983,10,Male,547 Norfolk Boulevard,,Ainsworth,IA,52201,41.29,-91.55,$18302,$37316,$37515,726,2
Jazlynn Perez,18,67,2001,6,Female,255 Bayview Street,,Bakersfield,CA,93313,35.15,-119.06,$20460,$41717,$27174,718,5
Devin Hughes,75,71,1944,8,Male,5934 Essex Boulevard,,Lexington,KY,40508,38.04,-84.45,$14920,$20797,$10127,777,1
Zyaire Baker,76,69,1943,8,Male,765 Forest Street,1,Hopkins,MN,55305,44.92,-93.40,$39155,$38800,$25867,758,7
Axton Fox,51,68,1968,3,Male,572 Mountain View Lane,,Roanoke,VA,24017,37.27,-79.95,$14528,$29622,$17385,694,3
Isabela Bennett,88,65,1931,10,Female,42 Fourth Avenue,,Shelbyville,KY,40065,38.21,-85.23,$19620,$31399,$2528,757,4
Yamileth Rivera,48,66,1971,5,Female,328 Birch Street,,Severn,MD,21144,39.13,-76.69,$31075,$63355,$0,708,5
Zariah Peterson,19,71,2000,12,Female,76 Birch Drive,,Jefferson,TX,75657,32.76,-94.34,$15299,$31197,$84749,844,2
Valerio Price,38,67,1981,3,Male,683 Washington Street,237,Huntington,NY,11743,40.87,-73.40,$51032,$104049,$247623,741,2
Joel Fu,35,69,1984,5,Male,215 Plum Boulevard,46,El Paso,TX,79912,31.84,-106.43,$24608,$50177,$101323,681,4
Juliet Gao,40,64,1979,12,Female,5899 Mill Street,,Ninety Six,SC,29666,34.17,-82.02,$16843,$34344,$48931,548,1
Lilianna Farhad,31,72,1989,1,Female,9316 Hillside Lane,314,Harrisburg,PA,17113,40.27,-76.88,$17110,$34884,$26799,705,5
Zaria Lee,33,69,1986,3,Female,2552 Forest Avenue,,Hampstead,MD,21074,39.61,-76.85,$27906,$56897,$0,699,5
Alia Stewart,38,72,1981,10,Female,89 Washington Boulevard,,Wilmington,DE,19803,39.73,-75.53,$35630,$72647,$90579,739,1
Quinn Brown,49,66,1970,8,Male,9383 Martin Luther King Street,,Mobile,AL,36695,30.68,-88.04,$25381,$51755,$88605,806,1
Layton White,60,66,1959,11,Male,175 Valley Drive,,Wayland,MA,01778,42.36,-71.36,$56632,$115465,$195657,715,4
Uriel Parker,18,70,2002,1,Male,729 Wessex Drive,,Fort Myers,FL,33907,26.63,-81.85,$17522,$35731,$71825,503,2
Aranza Brooks,18,70,2002,2,Female,5263 Little Creek Drive,,Lake Mary,FL,32746,28.75,-81.33,$31847,$64936,$107755,688,2
Izaiah Fu,24,68,1995,3,Male,4973 Martin Luther King Lane,7,Reno,NV,89521,39.38,-119.67,$30757,$62711,$68777,798,3
Madelyn Labelle,41,68,1978,7,Female,26 Valley Stream Drive,9,Pleasantville,NJ,08232,39.39,-74.51,$15157,$30910,$42507,749,4
Madden Hill,27,71,1992,11,Male,79 Sixth Avenue,4054,Port Orchard,WA,98366,47.54,-122.58,$21219,$43264,$89798,729,1
Gustavo Fisher,18,67,2001,11,Male,13 Main Boulevard,92,Suisun City,CA,94585,38.16,-121.93,$23990,$48909,$71310,740,2
Emery Garcia,32,71,1987,11,Female,670 Tenth Drive,,Glen Ellyn,IL,60137,41.86,-88.06,$42028,$85694,$120733,822,2
Ingrid Thomas,81,68,1938,4,Female,864 Main Lane,,Fort Gibson,OK,74434,35.78,-95.24,$18585,$27864,$1371,591,6
Ephraim Wright,21,68,1998,4,Male,5263 Fifth Avenue,7,Appleton,WI,54914,44.26,-88.39,$21828,$44513,$105303,778,6
Elena Anwar,27,69,1992,6,Female,5048 Catherine Drive,,Charlottesville,VA,22903,38.03,-78.48,$28459,$58026,$133169,691,1
Addilynn Bell,18,70,2001,5,Female,9085 West Drive,8,Boerne,TX,78006,29.80,-98.73,$31193,$63600,$102773,645,1
Brenna Ramirez,19,75,2000,7,Female,640 Bayview Street,,Canton,MS,39046,32.61,-90.03,$15597,$31797,$5400,843,2
Baylee Roman,40,66,1979,10,Female,3539 Lincoln Boulevard,,Richmond,CA,94804,37.92,-122.34,$21869,$44585,$81825,684,5
Monroe Sanders,51,67,1968,11,Female,6541 Fourth Drive,,Nixa,MO,65714,37.04,-93.29,$20316,$41427,$53773,850,3
Alayah Neufelder,51,72,1968,10,Female,4514 Elm Street,,West Columbia,SC,29172,33.99,-81.08,$16928,$34517,$74143,645,2
Malia Jones,50,65,1970,2,Female,655 Federal Avenue,,Pleasant Grove,UT,84062,40.46,-111.63,$21232,$43294,$104521,816,7
Frida White,27,66,1992,9,Female,8440 Park Drive,,Lafayette,CO,80026,39.99,-105.09,$30072,$61317,$0,741,3
Rodrigo Rodriguez,68,65,1951,12,Male,46 Lincoln Lane,6,Long Beach,CA,90808,33.82,-118.11,$32079,$50184,$27778,732,4
Simeon Cruz,47,75,1972,10,Male,130 Lincoln Drive,159,Nashport,OH,43830,40.04,-82.12,$21156,$43133,$44263,693,3
Monserrat Collins,23,65,1996,12,Female,359 Tenth Avenue,,Sioux City,IA,51104,42.50,-96.39,$21757,$44361,$71031,705,1
Jennifer Thomas,57,66,1962,9,Female,381 Catherine Avenue,,Compton,CA,90222,33.91,-118.23,$13075,$26664,$12241,709,4
Talia Chen,85,65,1934,6,Female,23 11th Avenue,,Virginia Beach,VA,23451,36.73,-76.04,$29485,$41843,$1741,500,3
Milan Perez,22,70,1998,2,Male,440 Littlewood Drive,,Melbourne,FL,32940,28.08,-80.60,$24500,$49952,$95184,780,1
Nova Butler,26,60,1993,3,Male,118 Mountain View Lane,2,Lake Zurich,IL,60047,42.19,-88.08,$48986,$99883,$171034,732,1
Sophia Perez,40,65,1979,3,Female,57 West Boulevard,,Ferdinand,IN,47532,38.22,-86.86,$18898,$38527,$36933,684,2
Gloria Kelley,32,63,1988,1,Female,7096 Park Street,137,Springfield,VT,05156,43.28,-72.47,$18013,$36729,$48624,686,3
Emmie Anwar,63,67,1957,2,Female,861 Martin Luther King Boulevard,8,Buffalo,NY,14215,42.88,-78.85,$14456,$29477,$56355,850,4
Clay Evans,52,65,1967,9,Male,123 Ocean View Street,,Rancho Cordova,CA,95742,38.57,-121.17,$35137,$71645,$155006,629,3
Georgia Brown,62,65,1957,9,Female,956 Lincoln Boulevard,,Brooklyn,NY,11235,40.64,-73.94,$22674,$46232,$68957,691,4
Sally Roberts,20,66,1999,5,Female,489 Fourth Drive,,Michigan City,IN,46360,41.71,-86.87,$18036,$36775,$102641,850,3
Princeton Ramirez,41,65,1978,12,Male,6515 Hillside Drive,10,Challis,ID,83226,44.65,-114.15,$19036,$38812,$16331,762,4
Astrid Price,20,67,1999,11,Female,5789 Ninth Drive,,Ozone Park,NY,11417,40.69,-73.85,$19682,$40130,$55801,798,1
Harlow Turner,38,66,1981,11,Female,1583 Grant Lane,1,Brentwood,NY,11717,40.78,-73.24,$17679,$36045,$0,683,3
Magdalena Jenkins,52,73,1968,2,Female,292 Maple Drive,,Somerset,NJ,08873,40.49,-74.48,$32610,$66489,$83828,731,2
Andi Bailey,31,72,1989,2,Female,5065 Catherine Drive,,Estacada,OR,97023,45.20,-122.06,$20343,$41475,$0,747,2
Wilder Hughes,56,68,1963,7,Male,273 Ocean Street,,Ridgefield,WA,98642,45.79,-122.69,$27308,$55682,$82696,750,4
Pearl Carter,51,68,1968,5,Female,23 12th Boulevard,,Osprey,FL,34229,27.19,-82.49,$28272,$57646,$127892,724,4
Rachel Gomez,19,68,2000,9,Female,1464 Bayview Street,,Odessa,TX,79764,31.85,-102.36,$19399,$39556,$132573,572,1
Miller Howard,36,67,1983,12,Male,83 Sixth Drive,,San Diego,CA,92102,32.72,-117.09,$16838,$34330,$15223,713,4
Walker Peres,82,71,1937,4,Male,62696 Norfolk Drive,,Quincy,FL,32352,30.65,-84.69,$15069,$10142,$1809,767,7
Randall Long,30,60,1989,10,Male,105 Seventh Street,,Columbia,MD,21044,39.20,-76.85,$37697,$76867,$118029,659,1
Amirah Ryan,22,68,1997,6,Female,5138 Park Drive,,Homewood,IL,60430,41.55,-87.66,$25689,$52379,$107734,771,3
Kyrie Murphy,39,64,1980,10,Male,2411 Hillside Lane,5,Newburgh,IN,47630,37.94,-87.40,$28126,$57348,$119230,527,3
Lawson Gray,49,70,1970,3,Male,2248 Third Avenue,918,Chattanooga,TN,37416,35.06,-85.25,$18658,$38041,$27813,782,4
Cassidy Anwar,28,70,1991,3,Female,19 El Camino Drive,1,Phoenix,AZ,85022,33.62,-112.05,$26023,$53053,$42396,696,2
Dexter Murphy,35,65,1984,5,Male,5094 Lafayette Boulevard,,Celina,OH,45822,40.55,-84.57,$18077,$36857,$3112,768,3
Abby Wood,54,72,1965,3,Female,6016 Little Creek Boulevard,,Seattle,WA,98122,47.61,-122.30,$37485,$76431,$115362,716,5
Dalton Fisher,78,68,1941,7,Male,34533 Ninth Avenue,3,Bloomington,CA,92316,34.06,-117.39,$14709,$18100,$0,682,6
Teresa Adams,45,61,1974,5,Female,94936 Elm Drive,,Lady Lake,FL,32159,28.92,-81.92,$8155,$16628,$33926,654,1
Duke Barnes,79,66,1941,2,Male,132 Lexington Drive,39,Bullock,NC,27507,36.50,-78.55,$18100,$29041,$4427,699,4
June Torres,47,64,1972,12,Female,27 Summit Street,56,Monroe,NC,28112,34.98,-80.54,$17595,$35876,$50190,635,3
Kemal Bell,19,67,2000,3,Male,32 First Lane,,Verona,NJ,07044,40.83,-74.24,$40216,$81995,$133788,685,2
Ava Evans,50,70,1969,9,Female,671 West Drive,,Minneapolis,MN,55419,44.96,-93.26,$40364,$82298,$0,791,4
Azariah Turner,30,62,1989,8,Male,71682 Catherine Street,,Ft Mitchell,KY,41017,39.02,-84.56,$30367,$61916,$165886,655,4
Xiomara Murphy,56,70,1964,2,Female,7728 Oak Drive,,Little Rock,AR,72204,34.72,-92.35,$14736,$30042,$9208,727,4
Opal Hall,55,61,1964,9,Female,1513 Valley Boulevard,,Fairfield,OH,45014,39.33,-84.54,$21992,$44839,$63194,625,3
Koa Smith,25,74,1994,12,Male,972 Spruce Avenue,4,Fort Lauderdale,FL,33324,26.14,-80.13,$29740,$60638,$132252,661,1
Meredith Carter,26,64,1994,1,Female,4631 Plum Avenue,,Cleveland,OH,44102,41.47,-81.67,$14737,$30049,$80474,700,1
Carolyn Cooper,54,65,1965,8,Female,7561 Littlewood Street,,Waterloo,IA,50703,42.49,-92.35,$14568,$29699,$6569,711,3
Esteban Taylor,29,66,1990,5,Male,1598 Elm Street,,Anchorage,AK,99508,61.20,-149.82,$20519,$41836,$60302,615,2
Butch El-Mafouk,55,68,1964,11,Male,541 Tenth Street,79,Los Angeles,CA,90037,34.00,-118.28,$11329,$23103,$63635,681,3
Elisha Bailey,72,70,1947,5,Male,4388 Hillside Street,,Ellicott City,MD,21043,39.27,-76.83,$39053,$57513,$11755,793,5
Leia Butler,66,68,1953,3,Female,644 South Drive,,Memphis,TN,38134,35.10,-90.00,$18759,$38249,$0,746,4
Hayley Taylor,41,65,1978,3,Female,858 Jefferson Avenue,,Suffolk,VA,23434,36.70,-76.63,$20353,$41496,$9222,807,2
Mackenzie Green,24,70,1995,8,Female,229 River Avenue,,Butler,NJ,07405,40.99,-74.34,$44540,$90812,$175569,850,3
Alfredo Brown,35,67,1984,6,Male,7794 Ocean Street,,Mesilla Park,NM,88047,32.27,-106.61,$14822,$30217,$23394,705,4
Savannah Nguyen,29,66,1990,11,Female,828 Little Creek Boulevard,9,O Fallon,MO,63368,38.78,-90.70,$30202,$61581,$241312,736,2
Jalen Neufelder,53,67,1966,6,Male,817 Forest Street,,Jacksonville,AR,72076,34.86,-92.12,$16462,$33566,$96597,698,1
Alexia Reyes,66,68,1953,3,Female,804 Sixth Boulevard,,Seguin,TX,78155,29.57,-97.96,$17440,$35560,$60397,723,5
June Reyes,21,67,1998,11,Female,218 East Street,1,Glendora,CA,91741,34.14,-117.85,$31699,$64630,$92847,751,2
Hazel Robinson,67,60,1952,11,Female,563 Birch Drive,,Dacula,GA,30019,33.98,-83.88,$26767,$57705,$22475,684,3
Alfred King,58,71,1961,5,Male,663 Second Boulevard,3544,San Benito,TX,78586,26.13,-97.63,$11844,$24155,$2870,802,3
Thaddeus Sanchez,27,71,1993,1,Male,5514 Norfolk Boulevard,,Huron,TN,38345,35.58,-88.50,$17179,$35026,$11468,743,5
Heidi Baker,29,70,1990,3,Female,587 East Lane,,Sanford,NC,27332,35.36,-79.13,$17854,$36404,$11745,726,3
Tucker White,50,60,1969,5,Male,659 Valley Drive,,Salisbury,NC,28147,35.66,-80.48,$18724,$38179,$50559,609,2
Audrina Thompson,36,65,1983,3,Female,4137 Bayview Drive,,Bellaire,TX,77401,29.70,-95.46,$79100,$161276,$317964,540,1
Randy Merkel,31,66,1988,6,Male,693 Seventh Street,,Sherman,TX,75090,33.61,-96.60,$15737,$32086,$53595,747,4
Kira Wood,22,69,1997,3,Female,398 Park Boulevard,,Chicago,IL,60637,41.83,-87.68,$18395,$37505,$57014,714,3
Hannah Perry,69,73,1951,2,Female,55 El Camino Boulevard,,Turlock,CA,95382,37.53,-120.84,$22799,$46487,$57336,635,3
Anya Hughes,23,65,1996,7,Female,4343 Mountain View Boulevard,2,Spearfish,SD,57783,44.48,-103.84,$18583,$37891,$66163,749,1
Rory Nelson,54,67,1965,3,Female,401 North Avenue,6989,Lafayette,CO,80026,39.99,-105.09,$30072,$61312,$25355,708,3
Yousef Barnes,46,59,1973,4,Male,8750 Lake Boulevard,,Chardon,OH,44024,41.57,-81.20,$25565,$52130,$80367,701,1
Makayla Garcia,27,61,1993,1,Female,883 Federal Street,240,Depew,NY,14043,42.91,-78.70,$19983,$40744,$50803,717,1
Marianna Cruz,86,65,1933,6,Female,143 Catherine Boulevard,,Kaneohe,HI,96744,21.41,-157.79,$24516,$49529,$1385,689,6
Karson Green,76,63,1943,12,Male,343 Lafayette Drive,,Derby,KS,67037,37.54,-97.25,$24531,$41790,$24676,719,5
June Morales,81,57,1939,1,Female,482 Grant Street,,Baldwin Park,CA,91706,34.09,-117.96,$15775,$29928,$2028,713,4
Paula Gray,47,67,1972,5,Female,3816 Spruce Drive,53,Copiague,NY,11726,40.67,-73.39,$21077,$42976,$58765,748,3
Shaun Jenkins,40,68,1979,3,Male,9594 Burns Lane,,Thomson,GA,30824,33.46,-82.50,$15755,$32126,$56283,770,3
Tristan Powell,56,69,1963,4,Male,4966 Grant Street,,Canal Fulton,OH,44614,40.89,-81.58,$22170,$45202,$71022,683,4
Kenia Perry,20,65,1999,3,Female,7132 Rose Avenue,,Cape Coral,FL,33904,26.63,-81.99,$17120,$34907,$64107,742,3
Korbin Torres,27,65,1992,4,Male,238 Eighth Avenue,,Cambridge Springs,PA,16403,41.80,-80.06,$16965,$34591,$65770,688,2
Payton Neufelder,22,69,1997,3,Female,7318 Mill Lane,95,Richlands,NC,28574,34.89,-77.54,$15661,$31933,$65405,746,1
Antonio Abe,42,70,1978,2,Male,9566 Tenth Street,4,Pflugerville,TX,78660,30.44,-97.62,$25584,$52165,$97248,730,4
Christina Lee,58,64,1961,8,Female,416 Madison Street,30,Uhrichsville,OH,44683,40.40,-81.35,$14477,$29519,$45597,643,3
Emerson Richardson,57,67,1962,5,Male,5079 Sussex Avenue,,Mitchell,IN,47446,38.73,-86.47,$15981,$32583,$12501,812,7
Jedidiah Rodriguez,37,65,1982,7,Male,3914 Mill Street,,Prairieville,LA,70769,30.30,-90.97,$29006,$59139,$128870,742,4
Lewis Martinez,44,64,1975,10,Male,7815 Hillside Avenue,,Houston,TX,77058,29.76,-95.38,$30499,$62185,$114235,749,1
Howard Abe,22,67,1997,6,Male,2429 Eighth Avenue,,Albany,OR,97322,44.63,-123.00,$17561,$35800,$65841,753,2
Marshall Clark,26,71,1993,10,Male,4379 Lake Avenue,,Laurel,MD,20723,39.09,-76.85,$35553,$72485,$31605,691,2
Kaliyah Lee,24,65,1995,3,Female,215 Elm Lane,,Ventura,CA,93003,34.28,-119.22,$25524,$52036,$26232,703,3
Brian Cruz,33,67,1986,7,Male,67424 Tenth Boulevard,,Kalamazoo,MI,49048,42.24,-85.48,$17409,$35499,$80517,724,1
Blaine Diaz,44,65,1976,1,Male,3675 Bayview Drive,1,Dunlap,TN,37327,35.37,-85.38,$15209,$31015,$103094,737,2
Wayne Robinson,79,65,1940,11,Male,127 Valley Boulevard,,San Diego,CA,92122,32.85,-117.20,$34848,$53222,$23051,640,1
Kora Barnes,56,69,1963,6,Female,9603 South Lane,,Short Hills,NJ,07078,40.74,-74.33,$137428,$280199,$91367,752,5
Davis Jenkins,48,67,1971,6,Male,604 Pine Street,,Burlington,IA,52601,40.80,-91.12,$18076,$36853,$112139,834,5
Craig Labelle,22,70,1998,2,Male,79 Burns Drive,,Fairview,NJ,07022,40.81,-74.00,$18392,$37497,$0,695,1
Noor Johnson,88,66,1931,10,Female,41740 First Street,,Wayne,NJ,07470,40.94,-74.24,$37030,$31828,$3777,593,3
Estella Fu,49,68,1970,7,Female,530 Main Boulevard,58,League City,TX,77573,29.48,-95.10,$35246,$71866,$132580,662,1
Beckett Gonzalez,62,69,1957,8,Male,702 Elm Drive,,Watsonville,CA,95076,36.95,-121.72,$16920,$34496,$33122,731,5
Alondra White,74,71,1946,1,Female,4 Plum Boulevard,4,North Richland Hills,TX,76180,32.86,-97.21,$26016,$39003,$10793,788,5
Kaiden Morgan,68,64,1951,3,Male,29 Federal Boulevard,7,Los Angeles,CA,90033,34.04,-118.21,$12349,$11566,$9102,536,4
Anna Nelson,45,71,1974,12,Female,627 Ninth Drive,,Atlanta,GA,30317,33.74,-84.31,$25586,$52172,$66085,667,4
Keith Bell,91,66,1928,3,Male,120 Lafayette Boulevard,,Pompano Beach,FL,33060,26.23,-80.13,$18266,$40141,$805,850,6
Jeffery Farhad,48,66,1971,5,Male,2981 Ninth Boulevard,,Latrobe,PA,15650,40.31,-79.38,$19486,$39733,$79302,781,4
Miriam Phillips,29,65,1991,2,Female,8463 Second Street,,Waynesville,OH,45068,39.53,-84.08,$25333,$51651,$22705,801,3
Addilynn Garcia,22,64,1997,3,Female,814 Washington Street,67,Tempe,AZ,85283,33.36,-111.93,$24122,$49190,$122458,630,1
Demetrius Murphy,42,68,1977,11,Male,8580 Valley Stream Avenue,,Martinsburg,WV,25401,39.46,-77.96,$18003,$36711,$84949,739,4
Mateo Howard,22,61,1997,5,Male,666 Lafayette Lane,,Halethorpe,MD,21227,39.21,-76.72,$22728,$46344,$66994,732,3
Easton Cruz,26,71,1993,3,Male,4872 Lexington Avenue,,Doylestown,PA,18902,40.36,-75.09,$49534,$100991,$0,722,3
Kassidy Reyes,62,65,1957,6,Female,1305 Spruce Boulevard,7,Belle Fourche,SD,57717,44.66,-103.85,$16097,$32819,$25393,826,5
Aron Roman,30,62,1989,8,Male,437 Madison Street,,Chicago,IL,60626,41.83,-87.68,$23446,$47803,$81929,652,1
Gordon Neufelder,44,69,1975,9,Male,919 Lafayette Drive,,Medford,OR,97504,42.33,-122.79,$18961,$38661,$88636,765,3
Dakota Allen,45,66,1974,4,Male,3346 Hillside Street,24,Douglassville,PA,19518,40.26,-75.74,$28278,$57658,$74288,766,5
Belen Reyes,45,69,1974,5,Female,9891 Valley Drive,,Belzoni,MS,39038,33.17,-90.48,$10909,$22249,$20420,789,3
Zariyah Myers,38,68,1982,2,Female,731 Lincoln Boulevard,,Boca Raton,FL,33486,26.37,-80.10,$31706,$64647,$58250,738,4
Lilyana Fernandez,32,64,1987,10,Female,1782 South Boulevard,,Beacon Falls,CT,06403,41.44,-73.04,$28814,$58749,$113308,768,6
Blaire Bailey,46,68,1973,12,Female,8070 Mill Lane,,Saint George,UT,84770,37.18,-113.60,$14470,$29510,$47153,752,4
Malaya Sanchez,53,65,1966,3,Female,696 Oak Boulevard,,Fresno,CA,93710,36.81,-119.75,$17985,$36672,$99454,655,2
Raquel Jackson,41,61,1979,1,Female,1063 Federal Boulevard,8302,Canton,MA,02021,42.15,-71.13,$38878,$79271,$211919,759,1
Isabella Hall,35,68,1985,1,Female,955 11th Street,,High Springs,FL,32643,29.82,-82.59,$19693,$40156,$70128,738,3
Maryam Rivera,30,58,1989,4,Female,341 Hill Drive,,Saint Louis,MO,63129,38.63,-90.24,$28373,$57853,$131828,558,4
Jessica Reed,73,64,1946,9,Female,862 Martin Luther King Drive,,Germantown,MD,20874,39.17,-77.26,$33637,$37789,$24575,605,3
Cullen Ryan,61,63,1958,10,Male,9525 First Boulevard,,Longview,TX,75604,32.51,-94.76,$20531,$41865,$60911,676,4
Mack Merkel,66,69,1953,3,Male,602 First Street,,Strongsville,OH,44149,41.31,-81.85,$30381,$61937,$138153,684,7
Lucinda Xi,32,67,1987,7,Female,698 11th Lane,69,Washington,NC,27889,35.55,-77.05,$15827,$32274,$72974,545,1
Bennett Cruz,48,71,1971,3,Male,9570 North Drive,,Rutherford,NJ,07070,40.81,-74.10,$37170,$75785,$117920,814,3
Kameron Rodriguez,50,64,1969,4,Male,9762 Pine Street,,Fletcher,NC,28732,35.43,-82.50,$22345,$45560,$79660,644,3
Marissa Torres,46,67,1973,3,Female,778 Main Avenue,,Kimberly,WI,54136,44.27,-88.34,$20013,$40810,$65643,614,4
Lyric Gomez,58,67,1961,11,Male,669 Wessex Lane,,Bigelow,AR,72016,34.99,-92.63,$18817,$38371,$50530,703,3
Salma Rogers,46,67,1973,10,Female,31 Oak Avenue,,Columbia,SC,29229,34.00,-81.03,$23917,$48762,$143208,771,6
Blaine Scott,26,61,1994,2,Male,4840 Summit Lane,,Rescue,CA,95672,38.72,-121.00,$28660,$58435,$134789,666,2
Emmanuel Wood,48,68,1971,7,Male,1772 Essex Boulevard,,Vinton,VA,24179,37.27,-79.88,$19188,$39124,$66231,722,4
Luciano Wilson,50,65,1970,1,Male,720 Seventh Avenue,9,Camas,WA,98607,45.64,-122.37,$31226,$63673,$147913,591,4
Lila Neufelder,34,65,1985,11,Female,5449 Lexington Drive,,Garden Grove,CA,92840,33.78,-117.93,$18679,$38081,$28613,811,4
Rose Fu,23,61,1996,11,Female,5459 El Camino Avenue,,Blacksburg,SC,29702,35.12,-81.51,$14443,$29450,$36002,692,1
Katherine Burns,56,65,1963,12,Female,291 Seventh Drive,,Hudson,IL,61748,40.60,-88.98,$28237,$57576,$161107,589,2
Amari Martin,31,70,1988,8,Female,9833 Forest Street,,Lawton,OK,73505,34.60,-98.42,$16829,$34311,$6971,680,4
Alison Parker,63,65,1956,11,Female,891 El Camino Lane,,Pompano Beach,FL,33062,26.23,-80.13,$26530,$54095,$76109,753,3
Sally Fisher,24,65,1995,9,Female,162 Rose Drive,,Stockton,CA,95205,37.96,-121.26,$12089,$24648,$32962,600,1
Dayana Fox,37,61,1982,8,Female,1059 Elm Avenue,8,Brighton,CO,80602,39.95,-104.90,$32793,$66863,$89031,673,1
Gemma Cooper,61,68,1959,1,Female,475 Oak Boulevard,,Charlotte,NC,28212,35.19,-80.83,$14793,$30165,$36972,694,2
Lennon Lewis,53,67,1966,6,Male,822 Ocean Street,,Hinsdale,IL,60521,41.80,-87.92,$92938,$189490,$448929,717,3
Madelynn Abe,19,68,2000,3,Female,671 George Drive,,Georgetown,KY,40324,38.20,-84.55,$23827,$48582,$189348,546,1
Derrick Sadr,84,65,1935,12,Male,6478 Valley Stream Avenue,,Levittown,PA,19054,40.15,-74.85,$23207,$26476,$406,813,5
Cayden Murphy,39,69,1980,11,Male,6405 Fifth Avenue,386,Manchester,NH,03104,42.99,-71.45,$27706,$56486,$116394,689,2
Heaven Wright,59,71,1960,3,Female,85 Littlewood Avenue,,San Antonio,TX,78217,29.45,-98.50,$17609,$35906,$69819,659,3
Perla Myers,19,61,2000,4,Female,528 Spruce Lane,7,Chesterton,IN,46304,41.60,-87.05,$27261,$55587,$151141,621,2
Paula Leroux,21,67,1998,4,Female,100 Seventh Drive,,Florence,WI,54121,45.93,-88.25,$18016,$36733,$0,761,3
Iliana Brown,48,66,1971,11,Female,58 Catherine Drive,,Omaha,NE,68136,41.26,-96.01,$33232,$67761,$0,745,4
Emiliano White,57,56,1963,2,Male,919 Lafayette Avenue,,Murfreesboro,TN,37129,35.85,-86.39,$22760,$36282,$14141,725,1
Brenda Masvidal,46,68,1973,7,Female,75 Birch Lane,691,Palm Beach Gardens,FL,33410,26.74,-80.12,$27696,$56467,$66565,688,3
Elliot Ajami,55,73,1965,2,Female,82 Jefferson Avenue,,Republic,OH,44867,41.12,-83.01,$18462,$37645,$46298,654,4
Byron Morales,48,64,1971,11,Male,3034 Third Boulevard,,Worcester,MA,01602,42.26,-71.80,$24506,$49967,$62509,655,1
Jakob Johnson,20,67,1999,11,Male,189 Ninth Lane,8,Langhorne,PA,19047,40.17,-74.91,$31656,$64548,$14864,726,1
Bennett Flores,20,66,1999,9,Male,354 Main Drive,,Heathsville,VA,22473,37.91,-76.47,$13938,$28421,$77772,738,1
Tori Bailey,33,65,1986,6,Female,689 Littlewood Lane,1,Moulton,AL,35650,34.48,-87.28,$17271,$35213,$87653,719,3
Dexter Thomas,48,67,1971,3,Male,1813 Second Lane,,Kenner,LA,70062,29.99,-90.24,$14696,$29962,$55000,684,3
Vihaan Ward,49,59,1970,5,Male,710 North Lane,,Bradenton,FL,34203,27.48,-82.57,$17590,$35868,$48465,562,4
Francisco Masvidal,31,73,1988,7,Male,5558 Littlewood Avenue,,Lovelock,NV,89419,40.32,-118.20,$18734,$38193,$39874,703,3
Adam Myers,48,66,1972,2,Male,819 Park Boulevard,,Terre Haute,IN,47803,39.47,-87.38,$21131,$43084,$0,850,3
Bailee Walker,42,72,1977,4,Female,849 Norfolk Lane,,Hubbard,OH,44425,41.16,-80.56,$18351,$37415,$66403,665,1
Alaric Flores,40,64,1979,12,Male,390 Tenth Street,3,Newark,NJ,07103,40.72,-74.17,$17370,$35418,$51741,660,6
Gustavo Lee,18,62,2002,2,Male,4279 West Boulevard,,Parkton,NC,28371,34.90,-79.01,$15331,$31259,$40701,798,2
Uriah Martin,26,66,1993,12,Male,6693 George Drive,,Seattle,WA,98188,47.44,-122.28,$20233,$41255,$85439,683,2
Alivia Watson,41,71,1978,3,Female,8 Tenth Drive,2263,Raleigh,NC,27610,35.82,-78.65,$17056,$34774,$78060,850,5
Lauryn James,90,75,1929,11,Female,6245 River Lane,,Poughkeepsie,NY,12603,41.69,-73.92,$27934,$51717,$418,717,5
Dominik Miller,52,62,1967,9,Male,5581 Federal Street,,Bastrop,TX,78602,30.11,-97.30,$20346,$41483,$64715,584,1
Octavia Butler,28,65,1991,3,Female,99 El Camino Drive,6,Barton,MD,21521,39.53,-79.01,$17079,$34825,$65082,759,1
Yosef Cruz,51,72,1969,2,Male,2994 Tenth Lane,,Fayetteville,NC,28306,35.05,-78.87,$18316,$37346,$64030,680,5
Galilea Gonzalez,58,67,1961,10,Female,927 Ocean View Drive,5,Miami,FL,33196,25.77,-80.20,$21923,$44699,$21685,842,5
Thatcher Xi,35,73,1984,10,Male,356 Mill Street,,The Villages,FL,32162,28.92,-81.92,$8491,$17316,$26872,748,1
Cody Wood,57,67,1962,3,Male,45 Maple Lane,,Holden,ME,04429,44.75,-68.67,$24259,$49467,$77465,697,5
Rylee Schmidt,18,68,2001,11,Female,3395 Spruce Drive,,Kansas City,KS,66103,39.10,-94.62,$16795,$34242,$0,837,1
Nicolas Peres,25,63,1994,10,Male,2800 Third Drive,,Birmingham,AL,35244,33.52,-86.79,$34578,$70502,$90003,614,2
Brielle Brooks,59,67,1960,9,Female,645 Catherine Lane,9,Boston,MA,02127,42.35,-71.06,$39312,$80156,$61817,735,4
Danica Watson,51,63,1968,12,Female,1248 Second Drive,,Meriden,CT,06450,41.53,-72.79,$24393,$49737,$136056,643,1
Gregory Ajami,60,60,1959,12,Male,700 Lexington Avenue,,Dover,OH,44622,40.52,-81.47,$18794,$31003,$23000,699,3
Jennifer Peres,23,66,1996,9,Female,9264 Norfolk Lane,,Orlando,FL,32811,28.50,-81.37,$14405,$29376,$51428,629,1
Kathleen Allen,56,63,1963,11,Female,4581 Eighth Boulevard,,Eastman,GA,31023,32.19,-83.17,$14425,$29413,$46043,703,2
Layla Myers,28,64,1992,1,Female,146 Lafayette Drive,,Ridgefield,WA,98642,45.79,-122.69,$27308,$55684,$114269,722,3
Fabian Collins,39,60,1980,10,Male,6757 Eighth Avenue,,Staunton,IL,62088,39.01,-89.78,$20056,$40894,$51844,657,1
Samara Price,64,66,1956,1,Female,599 First Drive,,Fontana,CA,92336,34.14,-117.45,$23172,$47242,$62224,704,6
Charles Edwards,65,67,1954,12,Male,654 Birch Lane,,Omaha,NE,68107,41.26,-96.01,$14199,$28951,$56777,711,2
Luka Flores,53,68,1966,6,Male,6223 Lexington Drive,5623,Allen,TX,75002,33.10,-96.66,$32580,$66428,$197102,669,2
Sylvie Brown,52,64,1968,2,Female,25622 Lake Street,6244,Pearland,TX,77584,29.55,-95.27,$36253,$73920,$166395,683,1
Alaia Jackson,22,73,1998,2,Female,5762 River Lane,83,Salt Lake City,UT,84112,40.76,-111.84,$10539,$21490,$32587,682,2
Marlee Phillips,68,64,1951,4,Female,315 Norfolk Lane,,Somerville,MA,02143,42.39,-71.10,$31849,$59938,$36978,670,1
Vladimir Xi,54,65,1965,6,Male,758 Sixth Boulevard,832,Monroe,NY,10950,41.32,-74.18,$25534,$52062,$97881,775,4
Tyson Young,58,65,1961,10,Male,860 Maple Avenue,9,Union City,CA,94587,37.59,-122.06,$29097,$59322,$145137,694,3
Miya Russell,26,69,1993,9,Female,229 Norfolk Street,,Troy,MI,48083,42.58,-83.14,$26120,$53254,$131334,736,1
Soren Martinez,61,67,1958,11,Male,4975 Madison Boulevard,,Indianapolis,IN,46235,39.77,-86.14,$16045,$32716,$46919,593,3
Chandler Morales,79,68,1940,3,Male,5336 Tenth Drive,,Muskegon,MI,49441,43.22,-86.25,$19131,$30977,$21507,796,5
Reign Russell,67,71,1952,10,Female,311 Washington Lane,,Adrian,MI,49221,41.89,-84.04,$17144,$34954,$5942,729,3
Ellen Watson,47,69,1973,2,Female,1342 Hill Lane,,Chicago,IL,60623,41.83,-87.68,$11951,$24372,$63295,793,4
Guadalupe Chen,51,66,1968,7,Female,2554 11th Lane,67,Defiance,OH,43512,41.28,-84.36,$18229,$37169,$93844,722,3
Blake Sanchez,36,69,1983,8,Male,995 Martin Luther King Street,,Houston,TX,77047,29.76,-95.38,$19554,$39871,$73726,719,4
Lauryn Fox,44,68,1976,2,Female,1450 Rose Drive,39,Morristown,MN,55052,44.22,-93.44,$19630,$40026,$70877,768,1
Gwen Evans,19,67,2000,3,Female,762 Lake Drive,,Sugar Land,TX,77478,29.61,-95.61,$35183,$71740,$38238,767,2
Avery Williams,21,66,1998,8,Male,72834 Grant Boulevard,,Hempstead,NY,11550,40.70,-73.61,$20152,$41087,$22720,695,2
Maleah Morris,18,55,2001,12,Female,892 Third Boulevard,,Anchorage,AK,99507,61.14,-149.76,$28730,$58579,$94998,808,1
Colt Martinez,86,68,1933,9,Male,90 Lexington Drive,,San Antonio,TX,78230,29.45,-98.50,$29557,$33426,$1852,699,4
Winnie Nelson,23,65,1997,2,Female,98 Mountain View Drive,30,Lafayette,LA,70506,30.21,-92.02,$22001,$44862,$78350,750,3
Cade Campbell,34,65,1985,10,Male,8229 Bayview Avenue,,Amherst,OH,44001,41.40,-82.23,$22261,$45388,$64749,723,1
Ivan Morales,73,68,1946,9,Male,9355 Ocean View Drive,,Tucker,GA,30084,33.85,-84.22,$22682,$34220,$0,745,5
Trent Brown,19,66,2000,9,Male,616 Catherine Avenue,,Devon,PA,19333,40.04,-75.42,$58297,$118862,$276156,782,1
Azariah Diaz,20,62,1999,9,Female,825 Norfolk Drive,,Getzville,NY,14068,43.02,-78.75,$29558,$60265,$80939,582,3
Khalid Cooper,45,66,1974,3,Male,8385 Mill Boulevard,,Vancleve,KY,41385,37.62,-83.41,$11644,$23740,$4313,841,3
Fisher Roman,39,67,1980,5,Male,9735 Birch Street,9940,Miami,FL,33175,25.77,-80.20,$18828,$38386,$74820,850,6
Harrison Fisher,46,70,1973,6,Male,285 Washington Street,500,Woonsocket,RI,02895,41.99,-71.50,$19065,$38872,$86648,585,1
Anabelle Faraday,37,68,1982,3,Female,49 Tenth Street,,Atlanta,GA,30316,33.72,-84.32,$24196,$49335,$51520,773,3
Valerie Scott,50,79,1969,9,Female,6695 River Lane,3,Monroe,MI,48161,41.91,-83.38,$19736,$40246,$74352,641,5
Kace Gao,50,66,1970,1,Male,1012 Hill Drive,,Chicago,IL,60622,41.83,-87.68,$39789,$81122,$112394,682,5
Jayceon Neufelder,18,64,2001,4,Male,5819 Norfolk Drive,56,Punta Gorda,FL,33950,26.89,-82.05,$14352,$29265,$37375,647,1
Darius Evans,51,65,1968,4,Male,774 Wessex Lane,864,Gilbert,AZ,85295,33.30,-111.74,$30557,$62304,$113416,719,4
Dean Lonsdale,54,65,1965,10,Male,6721 Sussex Drive,2761,Carrollton,TX,75006,32.98,-96.89,$21381,$43598,$15891,757,4
Zavier Allen,54,63,1965,5,Male,990 West Street,10,Rosharon,TX,77583,29.37,-95.45,$22856,$46603,$57177,612,1
Nathan Sanders,26,71,1993,3,Male,7703 Fourth Avenue,58,Fort Lauderdale,FL,33311,26.14,-80.13,$14191,$28931,$34511,711,4
Susan Labelle,42,71,1977,9,Female,338 Bayview Lane,,Broad Run,VA,20137,38.81,-77.72,$35905,$73208,$115827,664,6
Ellianna Cooper,42,68,1978,2,Female,794 Lake Street,,Township Of Washington,NJ,07676,40.98,-74.06,$37908,$77288,$46160,771,4
Shepherd Cox,30,66,1989,9,Male,6657 West Street,,Lake Worth,FL,33463,26.61,-80.05,$18415,$37544,$15489,703,4
Dallas Fox,58,65,1961,11,Male,217 Fifth Lane,,Cornell,IL,61319,40.99,-88.72,$19926,$40628,$66552,636,1
Kimora Lewis,24,68,1995,4,Female,418 Elm Street,,Warm Springs,GA,31830,32.88,-84.67,$15433,$31469,$53555,645,1
Milo Walker,53,65,1967,2,Male,9385 Birch Street,,Albuquerque,NM,87121,35.11,-106.62,$15385,$31369,$0,707,3
Ophelia Peres,36,65,1983,9,Female,7643 Martin Luther King Street,,Greenville,OH,45331,40.10,-84.62,$16351,$33339,$83353,679,2
Kyree Wood,25,65,1994,11,Male,944 Lexington Boulevard,,Cantonment,FL,32533,30.60,-87.34,$20273,$41338,$90737,772,1
Alma Xi,54,66,1965,12,Female,85 Lafayette Boulevard,,Carthage,NY,13619,43.98,-75.60,$17220,$35114,$24637,686,5
Bryan Ajami,39,65,1980,9,Male,5193 East Street,77,Louisville,KY,40299,38.22,-85.74,$25258,$51499,$7226,788,4
Joslyn Faraday,85,67,1934,10,Female,577 12th Lane,,Lakewood,NJ,08701,40.09,-74.21,$13006,$9795,$396,771,7
Prakash Braun,19,67,2000,9,Male,1317 Wessex Lane,,Belmont,CA,94002,37.50,-122.30,$46616,$95045,$132371,708,3
Kace Gomez,66,72,1953,3,Male,9218 Martin Luther King Avenue,,Mulberry,FL,33860,27.90,-81.97,$17944,$36589,$86573,676,3
Romina Smith,59,63,1960,11,Female,4701 Littlewood Drive,,Tampa,FL,33618,27.95,-82.48,$28916,$58959,$109358,598,2
Kaleb Lonsdale,61,61,1958,12,Male,363 Third Drive,,Pinole,CA,94564,37.99,-122.27,$25849,$28210,$22961,655,2
Colton Stewart,39,68,1980,5,Male,700 Rose Avenue,,Laurel,MD,20708,39.09,-76.85,$27635,$56347,$32530,779,3
Alicia Young,59,72,1961,1,Female,704 Summit Drive,4775,Claremont,NC,28610,35.71,-81.15,$18029,$36760,$95755,593,2
Cassius Schmidt,38,67,1981,11,Male,8897 East Street,,Carmel,CA,93923,36.46,-121.82,$29174,$59482,$130605,688,4
Sadie Cruz,55,60,1964,5,Female,4941 Ocean View Drive,3,Fort Worth,TX,76119,32.75,-97.33,$12175,$24827,$60261,590,1
Royalty Miller,67,65,1953,1,Female,9205 Summit Street,,San Jose,CA,95134,37.42,-121.94,$51631,$52929,$37514,737,7
Nathaniel Bell,52,70,1967,12,Male,469 Mountain View Boulevard,,Indianapolis,IN,46256,39.77,-86.14,$31114,$63433,$122550,770,7
Judah Richardson,21,67,1998,11,Male,78596 Birch Drive,,Houston,TX,77049,29.76,-95.38,$19364,$39485,$144101,685,1
Celine Gutierrez,33,59,1986,8,Female,142 Valley Drive,,Valparaiso,IN,46383,41.47,-87.05,$25472,$51938,$97252,697,2
Lucinda Cox,68,53,1951,12,Female,6723 Maple Street,10,Annandale,VA,22003,38.83,-77.21,$30622,$65298,$18684,524,2
Zaniyah Lewis,58,65,1962,1,Female,501 Grant Lane,,Trenton,GA,30752,34.87,-85.50,$15950,$32520,$29433,731,4
Chandler Wright,41,63,1978,8,Male,992 Martin Luther King Avenue,,Park Forest,IL,60466,41.48,-87.68,$19359,$39472,$82626,698,1
Victoria Edwards,37,66,1982,5,Female,4189 Birch Street,,Kilauea,HI,96754,22.21,-159.41,$16898,$34457,$48966,666,2
Alessandro Thompson,48,73,1971,12,Male,2193 Sixth Avenue,,Highland,NY,12528,41.71,-73.96,$26227,$53478,$73030,674,3
Keegan Myers,39,68,1980,10,Male,952 Mountain View Boulevard,455,Ludington,MI,49431,43.95,-86.44,$15863,$32343,$59006,732,3
Remington Labelle,83,65,1937,1,Male,637 Seventh Street,,Westminster,SC,29693,34.66,-83.09,$15406,$31943,$1248,686,6
Jillian Ramirez,41,56,1978,10,Female,9413 12th Boulevard,8,Manly,IA,50456,43.28,-93.20,$16081,$32789,$47679,699,2
William Foster,29,64,1990,8,Male,1734 George Drive,,San Francisco,CA,94134,37.72,-122.41,$20536,$41873,$76725,717,1
Kenny Evans,44,66,1976,1,Male,9900 Ninth Avenue,,Bloomfield,IN,47424,39.02,-86.93,$18204,$37115,$58438,685,3
Kaylani Thompson,40,65,1979,12,Female,613 George Boulevard,,Stanford,KY,40484,37.53,-84.66,$15202,$30997,$81716,722,2
Alina Braun,25,67,1994,8,Female,157 Eighth Street,,Bellevue,WA,98005,47.62,-122.16,$43432,$88554,$142154,701,2
Simeon Miller,29,63,1990,3,Male,32595 River Drive,,Shafter,CA,93263,35.49,-119.30,$14556,$29682,$65845,659,2
Kade Williams,61,68,1959,1,Male,6762 Second Street,,Bennett,CO,80102,39.75,-104.42,$26369,$53762,$37361,689,8
Gwendolyn Labelle,19,66,2001,1,Female,534 Norfolk Lane,,New York,NY,10026,40.71,-73.99,$26718,$54477,$72241,802,2
Frances Johnson,30,67,1989,7,Female,385 Grant Street,,Independence,MO,64050,39.08,-94.35,$16224,$33076,$50117,721,3
Reid Robinson,58,67,1961,5,Male,1034 Pine Boulevard,6545,Erie,PA,16505,42.12,-80.08,$24324,$49595,$68057,676,1
Pierce Perry,31,67,1988,12,Male,8803 Washington Boulevard,,Scituate,MA,02066,42.18,-70.73,$40226,$82019,$64583,695,3
Ulises Chen,76,66,1943,5,Male,3462 Ocean Boulevard,,Sacramento,CA,95831,38.49,-121.53,$26815,$51942,$22839,723,4
Faith Myers,74,67,1945,3,Female,54 Lafayette Street,22,Chula Vista,CA,91910,32.63,-117.05,$20102,$29130,$8746,720,5
Maya Torres,71,66,1948,8,Female,5822 Fourth Boulevard,,Charleston,WV,25312,38.35,-81.63,$16835,$13937,$3854,783,4
Austin Robinson,20,63,1999,3,Male,592 Hillside Drive,,Berwyn,IL,60402,41.84,-87.79,$18714,$38158,$80609,666,1
Amora Jenkins,47,67,1972,7,Female,45 Ocean Lane,37,Batavia,IL,60510,41.85,-88.30,$33701,$68710,$201796,717,3
Finley Evans,37,75,1983,1,Female,94 Ocean Avenue,,Naperville,IL,60564,41.76,-88.15,$49195,$100303,$53919,821,2
Naomi Anwar,58,65,1961,11,Female,9191 Main Avenue,,Epping,NH,03042,43.03,-71.07,$25001,$50980,$87715,691,1
Levi Gomez,18,69,2002,1,Male,5504 Spruce Drive,,Sergeant Bluff,IA,51054,42.40,-96.35,$22958,$46810,$0,747,2
Hugo Diaz,61,65,1959,2,Male,945 Third Avenue,,Sammamish,WA,98075,47.58,-122.03,$50607,$103185,$206422,564,1
Colson James,23,71,1996,4,Male,938 Maple Boulevard,,North Las Vegas,NV,89081,36.25,-115.08,$22907,$46704,$91946,810,1
Gianni Merkel,35,61,1985,1,Male,583 Seventh Street,4,Wynnewood,PA,19096,39.99,-75.27,$50579,$103126,$130160,642,1
Anakin Harris,48,61,1971,6,Male,8993 Madison Avenue,,Fayetteville,NC,28312,34.93,-78.72,$18376,$37468,$73448,666,3
Evelyn Hall,51,67,1968,7,Female,6840 North Lane,,Mount Kisco,NY,10549,41.20,-73.73,$55274,$112695,$35135,840,6
Maximus Cruz,23,65,1996,5,Male,512 Tenth Street,,Holland,MI,49424,42.77,-86.10,$21668,$44181,$82622,701,1
Princess Collins,26,65,1993,5,Female,388 Third Street,9,Mohegan Lake,NY,10547,41.31,-73.84,$33263,$67820,$86177,628,2
Francesca Schmidt,80,67,1939,4,Female,499 Lafayette Lane,,Frankfort,IN,46041,40.28,-86.51,$16421,$24884,$1828,850,6
Juliette Wright,41,53,1978,8,Female,165 Fourth Street,,San Diego,CA,92130,32.95,-117.19,$0,$553,$740,719,3
Leif Sullivan,40,64,1979,11,Male,83302 Valley Stream Lane,,Foxboro,MA,02035,42.06,-71.24,$35544,$72470,$133421,711,2
Selena Thompson,35,66,1984,11,Female,610 Lake Drive,,Hillsboro,IL,62049,39.16,-89.48,$17696,$36081,$118151,682,2
Jayden Myers,37,68,1982,6,Male,13 Federal Street,,Woburn,MA,01801,42.48,-71.15,$29122,$59375,$0,729,2
Rodney James,18,70,2002,2,Male,18 Bayview Avenue,2,Hernando,MS,38632,34.82,-89.98,$23782,$48491,$158871,588,1
Stephanie Gomez,60,67,1959,4,Female,89075 Spruce Drive,,West Baden Springs,IN,47469,38.56,-86.61,$15138,$30867,$12686,794,3
Annabella Ward,33,67,1986,5,Female,906 Little Creek Drive,,Monroe,NC,28110,34.98,-80.54,$19605,$39974,$64403,652,2
Camden Neufelder,39,72,1981,2,Male,1105 Wessex Avenue,,Arlington,TX,76002,32.69,-97.12,$24331,$49611,$110543,739,4
Cristiano Morris,24,69,1995,10,Male,841 Spruce Drive,3,Hammond,LA,70401,30.50,-90.46,$17584,$35856,$73257,712,4
Ansley Reed,35,72,1984,9,Female,707 Elm Boulevard,3,Covington,VA,24426,37.77,-79.99,$17537,$35760,$62768,830,1
Colten Bailey,40,69,1979,6,Male,2336 George Drive,,Greenville,SC,29611,34.83,-82.37,$13249,$27013,$58806,651,3
Kole Gonzalez,63,62,1956,4,Male,690 Catherine Street,,Aurora,CO,80013,39.69,-104.81,$24849,$58006,$20196,774,1
Brylee Wilson,80,67,1940,1,Female,305 Pine Avenue,,Kent,WA,98032,47.39,-122.26,$24884,$39110,$363,750,5
Isabela Bell,38,66,1981,12,Female,422 Burns Street,,Shepherdsville,KY,40165,37.98,-85.71,$19661,$40087,$17392,712,2
Lane Cooper,46,65,1973,10,Male,12067 Federal Boulevard,,Philadelphia,PA,19135,39.95,-75.16,$17603,$35891,$87749,577,3
Rosie Lonsdale,83,65,1936,3,Female,480 Catherine Drive,,Stamford,CT,06902,41.09,-73.55,$37213,$74753,$1585,726,5
Finley Reed,31,70,1988,5,Male,1495 Elm Boulevard,,Banning,CA,92220,33.92,-116.83,$13002,$26511,$21869,769,6
Kian Richardson,76,69,1943,4,Male,2609 Plum Drive,,Olathe,KS,66061,38.88,-94.81,$28490,$19682,$0,683,4
Sadie Braun,81,64,1938,9,Female,678 Park Drive,,Miami,FL,33179,25.77,-80.20,$19386,$23217,$2559,616,3
Avi Wilson,30,66,1989,5,Male,323 Eighth Drive,54,Boulder,CO,80302,40.02,-105.25,$33151,$67589,$0,734,3
Atlas Fox,30,68,1989,8,Male,4262 Madison Drive,9,South Hamilton,MA,01982,42.62,-70.86,$45596,$92960,$64167,724,3
Macy Wilson,52,61,1967,4,Female,2332 Elm Lane,,Walnut Creek,CA,94596,37.89,-122.03,$42685,$87030,$156474,646,5
Keanu Ortiz,72,66,1948,2,Male,493 South Street,,Ridgewood,NY,11385,40.70,-73.89,$19329,$22918,$11371,750,5
Samara Cruz,29,56,1990,9,Female,8958 Catherine Street,6,Stockton,UT,84071,40.30,-112.30,$24445,$49842,$79750,698,1
Miya Campbell,36,75,1983,4,Female,3194 Norfolk Street,28,Seaford,DE,19973,38.64,-75.61,$17624,$35933,$23451,812,2
Leon Lewis,42,67,1978,2,Male,376 Fourth Drive,,Waimanalo,HI,96795,21.34,-157.72,$18080,$36860,$65049,714,3
Scott Sanchez,53,70,1967,2,Male,302 Park Boulevard,,Cordele,GA,31015,31.96,-83.77,$13864,$28269,$66681,734,6
Clyde Fisher,20,66,1999,11,Male,135 Spruce Lane,,Ottawa,OH,45875,41.02,-84.04,$19827,$40426,$76199,727,1
Yaretzi Kelley,43,71,1976,8,Female,93 11th Avenue,,Anaheim,CA,92804,33.81,-117.97,$18330,$37371,$3378,739,4
Evelynn Foster,33,68,1986,9,Female,212 Ocean View Avenue,9,San Rafael,CA,94903,38.02,-122.54,$33148,$67589,$106072,602,2
Clyde Brooks,55,66,1964,4,Male,455 Little Creek Boulevard,99,Williston Park,NY,11596,40.75,-73.64,$39705,$80957,$161166,683,6
Linda Phillips,64,69,1955,7,Female,729 Littlewood Avenue,,Wilton,CT,06897,41.18,-73.42,$94302,$192269,$100192,700,6
Bo Bailey,34,75,1985,8,Male,6444 Madison Drive,4,Tucson,AZ,85710,32.22,-110.82,$17480,$35641,$64419,625,2
Alice Torres,33,69,1986,8,Female,850 Birch Avenue,,Lobelville,TN,37097,35.75,-87.79,$14073,$28696,$52910,686,4
Lance Xi,30,65,1989,4,Male,7350 Fourth Lane,2,Rome,NY,13440,43.21,-75.47,$18712,$38153,$92466,658,1
Ana Gray,51,73,1968,8,Female,2897 West Street,,Lorton,VA,22079,38.70,-77.24,$35062,$71490,$0,782,3
Magdalena Schmidt,20,67,1999,12,Female,3183 Burns Boulevard,2,Woodland,WA,98674,45.94,-122.67,$21093,$43006,$26144,688,2
Guillermo Richardson,44,67,1975,6,Male,41043 Lincoln Lane,6,Saint Amant,LA,70774,30.19,-90.78,$24289,$49523,$89129,688,4
Mohammed Carter,31,76,1988,11,Male,7948 Martin Luther King Avenue,9,Memphis,TN,38106,35.10,-90.00,$10730,$21876,$20169,786,2
Brooklynn Butler,27,67,1992,8,Female,8893 Valley Drive,,Griffith,IN,46319,41.52,-87.42,$21992,$44843,$67179,756,2
Kaiya Johnson,43,65,1976,3,Female,41332 Lincoln Avenue,,Durham,NC,27704,35.98,-78.91,$17625,$35938,$47204,670,3
Arielle Williams,73,65,1946,10,Female,518 Main Street,1,Danville,VA,24541,36.58,-79.40,$16745,$28553,$19507,745,5
Thea Harris,18,68,2001,12,Female,753 East Avenue,8,Fayetteville,NC,28311,35.05,-78.87,$19520,$39803,$53607,695,1
Hana Flores,50,68,1969,9,Female,9982 Summit Boulevard,3516,Murrieta,CA,92563,33.57,-117.14,$24069,$49076,$56547,715,4
Ledger Barnes,41,65,1978,10,Male,8425 East Lane,,Cleveland,OH,44143,41.47,-81.67,$27646,$56368,$71544,664,3
Julieta Gao,35,66,1984,6,Female,9006 Ocean Boulevard,,Philadelphia,PA,19138,39.95,-75.16,$16114,$32855,$94228,693,2
Ian Reyes,65,64,1955,2,Male,364 Eighth Drive,,Fort Worth,TX,76148,32.75,-97.33,$21401,$18149,$26672,738,2
Brecken Roman,44,65,1975,11,Male,8349 Valley Avenue,,Wellington,OH,44090,41.16,-82.22,$19818,$40407,$25986,697,3
Harry Murphy,19,60,2000,6,Male,57285 Jefferson Avenue,,Surprise,AZ,85388,33.61,-112.46,$23747,$48418,$73106,756,2
Keenan Labelle,61,73,1958,7,Male,9888 Washington Boulevard,4,Levittown,NY,11756,40.72,-73.51,$29337,$59815,$73325,573,2
Carlee Fu,23,66,1996,8,Female,9392 Fifth Avenue,,Chicago,IL,60612,41.83,-87.68,$20822,$42454,$63754,750,4
Lillian Butler,43,69,1976,5,Female,580 Fifth Boulevard,,Bessemer City,NC,28016,35.28,-81.28,$16073,$32775,$72785,637,1
Santino Powell,36,67,1983,12,Male,42720 East Drive,,Mukwonago,WI,53149,42.86,-88.33,$28215,$57532,$61268,735,4
Scarlet Martin,34,67,1985,11,Female,97 Fourth Drive,,Mena,AR,71953,34.58,-94.23,$12910,$26325,$32456,562,1
Landry Smith,70,74,1950,1,Male,20382 Park Drive,,Fremont,CA,94536,37.56,-121.98,$33727,$68765,$75608,798,5
Merrick Barnes,26,58,1993,4,Male,7344 Oak Drive,,Saint Marys,PA,15857,41.42,-78.55,$18965,$38670,$80894,630,1
Ari Phillips,57,65,1962,11,Female,4940 Ocean View Drive,,Prichard,WV,25555,38.21,-82.56,$17918,$36528,$109785,701,3
Micheal Long,28,61,1991,4,Male,54 Burns Avenue,,Broken Bow,OK,74728,34.02,-94.73,$13811,$28163,$50872,689,4
Liv Rivera,56,70,1963,8,Female,212 Mountain View Lane,,Marietta,GA,30008,33.95,-84.54,$17977,$36652,$60949,600,3
Mustafa Torres,18,70,2001,12,Male,65690 Bayview Lane,28,Attleboro,MA,02703,41.93,-71.29,$26693,$54427,$96369,714,2
Kaydence Allen,27,66,1992,6,Female,563 Jefferson Boulevard,,Poway,CA,92064,32.97,-117.02,$36390,$74198,$16084,838,3
Yousef Long,18,66,2002,1,Male,6295 Norfolk Boulevard,,Greenville,NC,27834,35.59,-77.37,$17116,$34904,$46002,657,2
Grant Mitchell,55,73,1964,12,Male,905 West Avenue,,Memphis,TN,38103,35.10,-90.00,$47798,$97455,$219213,616,2
Jamie Ajami,37,66,1983,1,Female,911 Ocean Boulevard,,Fullerton,CA,92831,33.87,-117.89,$25592,$52181,$26792,727,2
Micheal Farhad,68,68,1951,6,Male,8199 Park Boulevard,,Claypool,IN,46510,41.12,-85.87,$17969,$27939,$11243,841,5
Alessia Abe,54,74,1965,5,Female,1444 Plum Boulevard,,Colorado Springs,CO,80903,38.86,-104.76,$20579,$41957,$151027,783,3
Leighton Faraday,26,61,1993,11,Female,9129 Lexington Lane,,Richmond,KY,40475,37.74,-84.29,$19666,$40102,$57857,601,6
Hallie Perry,61,69,1958,9,Female,7945 Fourth Avenue,,Honolulu,HI,96825,21.30,-157.85,$30410,$62005,$149968,651,9
Edward Rivera,18,58,2002,1,Male,36 First Drive,,Spokane,WA,99208,47.78,-117.45,$21609,$44061,$107955,713,4
Warren El-Mafouk,49,69,1970,5,Male,3225 Lexington Street,,Rocky Point,NY,11778,40.92,-72.92,$28694,$58503,$37838,680,4
Johanna Peres,28,67,1991,5,Female,34542 Ninth Drive,25,Buffalo,NY,14215,42.88,-78.85,$14456,$29478,$39224,675,2
Allie Sadr,29,66,1990,8,Female,933 Sussex Drive,,Laurel,MT,59044,45.60,-108.68,$19625,$40005,$37694,737,2
Dario El-Mafouk,70,66,1949,5,Male,111 Hillside Avenue,,Delavan,WI,53115,42.62,-88.63,$18351,$31901,$16285,778,4
Brianna Jenkins,28,63,1991,8,Female,5671 Sussex Drive,,Miami,FL,33194,25.77,-80.20,$21602,$44046,$57982,557,3
Ari Roman,61,65,1958,5,Male,206 Pine Lane,95,Joliet,IL,60436,41.52,-88.12,$17567,$35823,$96691,732,3
Maria Kelly,29,69,1990,5,Female,637 Littlewood Drive,,Prince George,VA,23875,37.22,-77.28,$22059,$44976,$80109,717,2
Orlando Perry,28,66,1992,2,Male,768 Valley Stream Drive,,Portage,WI,53901,43.54,-89.46,$19635,$40035,$69241,684,2
Suzette Burns,31,62,1988,5,Female,551 Essex Drive,51,North Little Rock,AR,72116,34.78,-92.25,$25002,$50978,$76898,574,2
Mark Merkel,76,72,1943,6,Male,93374 11th Street,45,Clinton Township,MI,48036,42.58,-82.91,$19780,$34408,$9107,701,4
Alexia Ward,22,68,1997,9,Female,6054 Main Avenue,,Chicago,IL,60614,41.83,-87.68,$0,$2026,$1417,779,1
Kaleb Miller,59,66,1960,5,Male,756 El Camino Avenue,,Oviedo,FL,32765,28.65,-81.18,$27255,$55571,$93460,636,3
Valentino Reed,26,59,1993,12,Male,6222 Sixth Lane,,Weare,NH,03281,43.10,-71.73,$26084,$53182,$99550,623,1
Jerry Jackson,33,67,1987,2,Male,6785 Valley Stream Boulevard,,Wellsburg,WV,26070,40.28,-80.60,$16648,$33944,$53353,798,4
Isaiah Murphy,54,59,1965,7,Male,275 Tenth Street,,Bethesda,MD,20814,38.98,-77.12,$56069,$114318,$328089,748,3
Marcelo Cruz,67,66,1952,12,Male,9385 Lincoln Drive,,Detroit,MI,48202,42.38,-83.10,$14848,$28714,$12978,638,2
Aydin Cook,41,66,1979,2,Male,7061 Littlewood Street,,Henderson,NV,89002,36.00,-114.96,$28985,$59093,$117325,737,5
Alayah Gray,39,68,1980,3,Female,95 12th Avenue,,Whittier,CA,90601,34.00,-118.03,$25242,$51465,$0,702,2
Travis Cook,20,69,1999,8,Male,1177 Elm Avenue,,Waterford,NY,12188,42.79,-73.67,$24904,$50776,$19785,701,1
Shelby Phillips,28,65,1991,9,Female,3615 Lafayette Boulevard,,Quakertown,PA,18951,40.43,-75.34,$25205,$51391,$84768,573,1
Kobe Carter,53,65,1966,12,Male,353 South Boulevard,,Princeton,NJ,08540,40.35,-74.65,$0,$920,$1914,788,3
Briella Nguyen,50,73,1969,10,Female,24 River Avenue,,Stuart,FL,34997,27.19,-80.24,$20315,$41420,$0,691,5
Mary Peterson,52,67,1967,4,Female,6467 Birch Street,,David City,NE,68632,41.25,-97.12,$16901,$34460,$43936,692,2
Ismael Masvidal,41,65,1979,2,Male,9684 Grant Drive,,Waynesboro,VA,22980,38.06,-78.90,$18531,$37786,$107692,693,5
Vivian Rogers,21,70,1998,4,Female,5259 Lake Drive,,Virginia Beach,VA,23453,36.78,-76.08,$20678,$42161,$59210,672,1
Reign Scott,30,69,1989,3,Male,3636 El Camino Avenue,,Cincinnati,OH,45245,39.09,-84.51,$25503,$51998,$73575,640,1
Evelynn Harris,22,67,1997,12,Female,5941 South Lane,,Central,SC,29630,34.72,-82.78,$18271,$37253,$63522,576,1
Aarav Jenkins,49,65,1970,12,Male,840 Elm Avenue,,Wichita Falls,TX,76301,33.89,-98.51,$13705,$27943,$18693,681,4
Genesis Mitchell,76,69,1943,3,Female,15 Elm Lane,,Myrtle Beach,SC,29579,33.69,-78.89,$19025,$32817,$27209,705,6
Amos Leroux,62,66,1957,8,Male,7378 Park Lane,,Bristol,NH,03222,43.60,-71.74,$18972,$38681,$113190,663,5
Amari Torres,48,68,1971,7,Male,671 Little Creek Street,,Luverne,AL,36049,31.70,-86.26,$15474,$31553,$63938,729,3
Roman Barnes,36,70,1983,8,Male,97 Little Creek Boulevard,,Puyallup,WA,98373,47.14,-122.32,$24519,$49993,$52978,767,3
Gary Anwar,63,64,1956,4,Male,716 Lafayette Street,,New Marshfield,OH,45766,39.33,-82.23,$14137,$28828,$49793,687,4
Ximena Butler,77,63,1942,3,Female,2073 South Avenue,,New York,NY,10003,40.71,-73.99,$0,$1,$0,673,3
Charles Fisher,31,74,1988,3,Male,557 Catherine Drive,3,Houston,TX,77096,29.76,-95.38,$31072,$63356,$140107,704,5
Kora Watson,33,58,1986,12,Female,1884 Lake Avenue,,Carrollton,TX,75007,32.98,-96.89,$28213,$57526,$82715,812,1
Odin Evans,36,65,1983,7,Male,1531 North Lane,,Cherry Hill,NJ,08003,39.90,-74.99,$39626,$80794,$3867,803,2
Kaylani Sullivan,57,64,1962,12,Female,442 Burns Boulevard,,Mansfield,MA,02048,42.02,-71.21,$37407,$76274,$102611,698,2
Zaylee Anderson,29,60,1990,5,Female,8265 Mountain View Drive,,Berlin,WI,54923,43.97,-88.95,$19059,$38861,$62080,528,1
Henrik Johnson,32,65,1987,4,Male,549 Rose Drive,13,Thibodaux,LA,70301,29.79,-90.82,$22223,$45312,$11788,681,4
Gerald Myers,63,68,1956,12,Male,39126 El Camino Boulevard,,Alhambra,CA,91801,34.09,-118.13,$21178,$43180,$36832,764,5
Stella Masvidal,25,66,1994,10,Female,79 Hill Avenue,,Andover,MN,55304,45.25,-93.33,$29580,$60310,$91017,647,6
Leila Ryan,64,69,1955,11,Female,6606 Jefferson Avenue,,Moreno Valley,CA,92553,33.92,-117.24,$15079,$30747,$51667,850,4
Tate Garcia,21,68,1998,9,Male,740 Burns Lane,,Pueblo,CO,81007,38.27,-104.62,$21394,$43617,$16661,803,3
Lillie Mitchell,51,71,1968,7,Female,32299 Federal Street,,Janesville,WI,53546,42.68,-89.01,$21278,$43386,$2192,698,3
Vanessa Sullivan,62,62,1958,2,Female,690 Oak Street,3,Milwaukee,WI,53224,43.06,-87.96,$19483,$36465,$12789,688,1
Duncan Torres,72,66,1948,1,Male,5138 North Drive,,San Francisco,CA,94131,37.74,-122.44,$51692,$65055,$1676,736,6
Randy Sadr,21,68,1998,6,Male,2537 Forest Boulevard,,Ennis,TX,75119,32.33,-96.62,$18112,$36924,$71952,701,3
Leif Howard,34,69,1985,11,Male,860 George Avenue,,Calistoga,CA,94515,38.62,-122.61,$21373,$43579,$96994,795,3
Elias Collins,54,65,1965,12,Male,498 Littlewood Avenue,,Rochester,MN,55901,44.01,-92.47,$26478,$53986,$58381,748,4
Kailyn Ramirez,21,61,1998,9,Female,95 Burns Drive,,Cambridge,MA,02138,42.37,-71.11,$47637,$97127,$210206,660,2
Calvin Peres,52,71,1967,4,Male,514 Pine Boulevard,,Stamford,CT,06906,41.09,-73.55,$34138,$69604,$47193,684,4
Marissa Bailey,49,68,1971,1,Female,97536 Summit Street,212,Cedar Park,TX,78613,30.51,-97.83,$30418,$62019,$85666,543,4
Henrik Farhad,19,68,2000,11,Male,723 Summit Drive,,Inglewood,CA,90301,33.95,-118.36,$15965,$32550,$82878,746,6
Holden Howard,30,65,1989,4,Male,445 Fifth Avenue,,Lost Creek,WV,26385,39.15,-80.35,$17701,$36092,$63276,679,1
Lincoln Sanders,55,67,1964,7,Male,287 Pine Lane,,Mountlake Terrace,WA,98043,47.79,-122.30,$23668,$48259,$146774,721,3
Zahir Gomez,42,68,1977,11,Male,3835 Norfolk Street,35,Paragould,AR,72450,36.05,-90.51,$15447,$31499,$45661,782,4
Brielle Ortiz,36,71,1983,7,Female,65 Fifth Lane,3,Abbeville,SC,29620,34.17,-82.37,$15243,$31079,$91845,605,2
Jaxson Brown,46,66,1973,8,Male,1833 George Drive,,Miami,FL,33186,25.77,-80.20,$23244,$47395,$41381,755,2
Eduardo Torres,42,73,1977,10,Male,663 Summit Boulevard,368,Brooklyn,NY,11210,40.64,-73.94,$23316,$47542,$2667,725,3
Marcelo Flores,58,67,1962,1,Male,3385 Hill Lane,6,Burke,VA,22015,38.78,-77.27,$35563,$72510,$44317,727,4
Nixon Butler,48,66,1972,2,Male,8849 West Drive,,Shelton,CT,06484,41.30,-73.13,$32240,$65736,$206000,733,3
Noor Fisher,71,71,1948,3,Female,557 Burns Boulevard,990,Weatherford,TX,76086,32.75,-97.77,$19120,$19581,$21424,706,3
Dean Evans,57,64,1962,6,Male,2288 Pine Lane,,Auburn,ME,04210,44.08,-70.24,$20800,$42411,$111077,765,2
Madalynn Gonzalez,87,64,1932,4,Female,115 Bayview Lane,35,Seattle,WA,98122,47.61,-122.30,$37485,$55902,$3385,531,1
Peyton Stewart,38,68,1981,10,Male,182 Valley Street,,Lancaster,PA,17601,40.04,-76.30,$25917,$52844,$0,826,3
Ulises Ward,46,65,1973,9,Male,189 Forest Street,,Winder,GA,30680,33.99,-83.72,$18171,$37056,$75730,753,4
Paul Thompson,44,64,1976,1,Male,48 Fourth Avenue,,Citrus Heights,CA,95621,38.69,-121.31,$19726,$40220,$106171,718,3
Canaan Long,81,71,1938,9,Male,84497 Valley Stream Drive,,North Hollywood,CA,91605,34.20,-118.39,$15239,$28644,$879,806,7
Abril Perry,52,66,1968,2,Female,401 Bayview Lane,,Los Angeles,CA,90018,34.02,-118.31,$14553,$29673,$12950,788,3
Rodney Jackson,61,62,1958,12,Male,649 Spruce Boulevard,,Rincon,GA,31326,32.29,-81.23,$23029,$46954,$69753,578,4
Cristian Adams,33,66,1986,7,Male,239 Sussex Drive,,Huntington,WV,25705,38.41,-82.43,$21842,$44534,$107410,702,4
Jerry Abe,51,65,1968,6,Male,691 Ocean View Street,1,Riverside,CA,92505,33.93,-117.49,$18619,$37963,$102716,772,4
Henley Anwar,40,67,1979,5,Female,8799 Elm Avenue,,Mckinney,TX,75069,33.20,-96.65,$24684,$50329,$76759,625,4
Kaiser Watson,44,66,1975,6,Male,9414 Summit Boulevard,,Philadelphia,PA,19145,39.95,-75.16,$18007,$36715,$74022,547,4
Elisha Rivera,60,66,1959,7,Male,1583 Grant Avenue,,Jacksonville,FL,32218,30.33,-81.65,$19382,$39521,$61861,491,3
Paola Howard,78,67,1941,5,Female,245 Martin Luther King Drive,,Fort Mill,SC,29715,35.00,-80.94,$26707,$51014,$23366,759,4
Oscar Sanders,41,65,1978,10,Male,439 George Avenue,,Alpine,UT,84004,40.50,-111.70,$35834,$73067,$6332,721,3
Aspen Nguyen,63,65,1956,12,Female,560 Eighth Boulevard,4730,San Leandro,CA,94578,37.70,-122.12,$21669,$44183,$89852,850,4
Zion Hill,21,65,1998,10,Male,979 Fifth Avenue,,Columbus,OH,43211,39.98,-82.98,$11243,$22922,$9004,694,1
Maggie Abe,28,68,1992,1,Female,441 Rose Lane,,Powell,OH,43065,40.16,-83.06,$41682,$84987,$162718,600,2
Veda Brown,63,69,1956,3,Female,292 First Avenue,3,Rosebush,MI,48878,43.69,-84.76,$16542,$33728,$107287,730,3
Emilee Fu,81,65,1939,1,Female,374 Lexington Street,,Warren,OH,44485,41.23,-80.81,$12406,$11613,$427,790,8
Chad Gray,47,66,1972,8,Male,801 12th Drive,,Barnhart,MO,63012,38.33,-90.40,$23836,$48600,$23992,791,5
Ray El-Mafouk,58,63,1961,7,Male,9212 Plum Avenue,,Cordova,TN,38018,35.15,-89.75,$29571,$60292,$114223,531,1
Opal Fisher,42,61,1977,3,Female,215 Main Drive,,Oxford,MI,48371,42.82,-83.25,$28463,$58034,$129546,676,2
Edison Hill,68,67,1951,7,Male,5828 Wessex Drive,,Orlando,FL,32818,28.50,-81.37,$15849,$43004,$15304,761,6
Danielle Macron,51,70,1968,7,Female,2699 Littlewood Avenue,5,Okmulgee,OK,74447,35.63,-95.95,$14293,$29144,$35268,645,1
Armando Nguyen,46,63,1973,8,Male,7677 Little Creek Drive,296,San Antonio,TX,78210,29.45,-98.50,$12677,$25850,$56285,630,1
Ariella Fisher,28,59,1992,2,Female,4633 Sixth Avenue,,Wyoming,MI,49519,42.89,-85.72,$18431,$37583,$51633,782,2
Jayden Howard,20,60,1999,11,Female,88 George Street,,Kent,OH,44240,41.14,-81.36,$20305,$41403,$206131,776,1
Alvaro Cook,61,69,1958,7,Male,386 11th Lane,,Mamaroneck,NY,10543,40.93,-73.72,$49546,$101018,$78115,748,6
Simeon Wilson,30,69,1989,4,Male,989 Hill Lane,,Thomson,GA,30824,33.46,-82.50,$15755,$32125,$58712,733,2
Avah White,80,67,1939,12,Female,80471 Eighth Street,,Tampa,FL,33610,27.95,-82.48,$13254,$13596,$352,684,4
Judah Collins,51,62,1968,11,Male,2003 Ninth Avenue,,Morrisville,PA,19067,40.20,-74.78,$39495,$80526,$117380,632,1
Ben Cook,36,59,1983,8,Male,99 Mill Lane,,Loganville,GA,30052,33.83,-83.89,$21556,$43953,$76915,607,1
Alyson Carter,56,68,1963,12,Female,407 Seventh Lane,,Birmingham,AL,35212,33.52,-86.79,$15471,$31533,$42315,753,3
Belle Parker,23,65,1996,9,Female,871 Second Street,10,El Cajon,CA,92020,32.79,-116.96,$20947,$42711,$48493,717,1
Genesis Ortiz,74,67,1945,11,Female,951 11th Avenue,,North Myrtle Beach,SC,29598,33.82,-78.67,$13409,$23137,$4871,642,5
Tristian White,18,64,2002,1,Male,631 Elm Drive,3,Sylmar,CA,91342,34.32,-118.38,$19508,$39778,$60850,702,1
Melvin Barnes,42,72,1977,8,Male,78 Lexington Street,8298,Lake Hopatcong,NJ,07849,40.96,-74.61,$34205,$69747,$80763,741,4
Charlie Martin,54,63,1965,10,Male,600 Grant Lane,,Cape Coral,FL,33909,26.63,-81.99,$17140,$34947,$49024,751,3
Elijah Reyes,63,60,1956,4,Male,3283 Park Lane,,Mokena,IL,60448,41.53,-87.87,$32083,$77961,$39811,616,3
Melina Nguyen,22,66,1997,4,Female,37 Norfolk Boulevard,,Little Silver,NJ,07739,40.33,-74.03,$56252,$114692,$91575,805,2
Ahmed Anderson,47,62,1972,9,Male,523 Federal Drive,7,Bronx,NY,10456,40.84,-73.87,$12475,$25434,$45540,712,4
Gia Davis,56,64,1964,2,Female,532 Sixth Drive,11,Columbus,OH,43228,39.98,-82.98,$18420,$37558,$72514,778,3
Jessica Evans,30,66,1989,12,Female,714 North Drive,9,Columbus,OH,43206,39.98,-82.98,$23104,$47110,$57159,804,2
Apollo Roberts,52,68,1968,2,Male,531 Pine Avenue,,Eaton,IN,47338,40.34,-85.35,$15048,$30681,$81680,746,4
Esperanza Peres,20,66,1999,8,Female,5342 Valley Stream Avenue,83,The Colony,TX,75056,33.09,-96.88,$31905,$65051,$220951,703,2
Lillian Rodriguez,49,67,1970,5,Female,7499 Lake Boulevard,5382,Eight Mile,AL,36613,30.76,-88.12,$15207,$31008,$60527,713,4
Elliot Harris,62,68,1957,11,Male,878 Forest Street,,Columbus,OH,43228,39.98,-82.98,$18420,$37556,$0,735,6
Kamryn Adams,76,68,1944,2,Male,359 Valley Street,,Indianapolis,IN,46221,39.77,-86.14,$17909,$21547,$16040,785,5
Lukas Ortiz,20,68,1999,4,Male,176 River Boulevard,,Osceola,AR,72370,35.70,-89.99,$14249,$29051,$5819,774,2
Kennedy Farhad,19,69,2000,5,Female,700 Madison Lane,1,Aurora,IL,60505,41.76,-88.29,$14200,$28953,$3619,738,2
Autumn Mitchell,39,65,1980,7,Female,3 Main Street,,Fort Lauderdale,FL,33326,26.11,-80.39,$28826,$58774,$94053,528,2
Grant Carter,46,61,1973,7,Male,671 Essex Street,2,Twin Falls,ID,83301,42.41,-114.59,$16378,$33395,$57774,588,2
Tatum Baker,87,65,1933,1,Female,7736 Eighth Boulevard,631,Venice,FL,34293,27.09,-82.43,$14395,$22894,$1501,767,5
Legacy Peres,45,67,1974,6,Female,95 12th Drive,,Yonkers,NY,10710,40.94,-73.86,$31299,$63815,$4832,699,6
Journey Ramirez,57,67,1963,2,Female,339 Little Creek Lane,,Chula Vista,CA,91913,32.64,-116.98,$26957,$54963,$105623,675,4
Lamar Sanders,28,69,1991,9,Male,18 Lake Avenue,,New York,NY,10039,40.71,-73.99,$17624,$35940,$54354,595,3
Blaze Bennett,62,67,1957,5,Male,75540 Valley Street,,Palmdale,CA,93552,34.50,-118.01,$18103,$36911,$93367,724,4
Erin Burns,34,64,1985,12,Female,232 Jefferson Boulevard,49,Jasper,IN,47546,38.39,-86.93,$21991,$44838,$109951,561,1
Zoe Gray,59,72,1960,3,Female,963 11th Drive,,Sunnyvale,CA,94087,37.35,-122.03,$45509,$92785,$122254,786,6
Avi Martin,67,70,1953,1,Male,127 Grant Street,,Butler,OH,44822,40.58,-82.42,$17161,$34985,$29409,723,6
Sebastian Howard,39,68,1980,11,Male,2773 El Camino Lane,50,Muncie,IN,47304,40.19,-85.39,$20644,$42086,$79530,784,4
Magdalena Farhad,45,61,1974,11,Female,535 Hill Boulevard,,Sarasota,FL,34232,27.33,-82.54,$19065,$38872,$94970,663,4
Paisleigh Perez,50,66,1970,2,Female,2516 Essex Drive,2,Beaverton,OR,97008,45.45,-122.79,$23687,$48295,$109558,707,3
Paislee Collins,28,64,1991,6,Female,5367 Pine Avenue,,Gadsden,AL,35902,34.01,-86.01,$19474,$39708,$113715,717,3
Jazmine Ortiz,56,72,1963,6,Female,3248 Hill Drive,,Queensbury,NY,12804,43.34,-73.67,$22273,$45416,$82611,713,1
Analia Nelson,36,67,1983,7,Female,2062 Fourth Street,2,Fontana,CA,92335,34.08,-117.46,$13739,$28007,$0,691,4
Addilynn Bennett,48,64,1971,11,Female,55378 Burns Avenue,,Rockford,IL,61109,42.27,-89.06,$18906,$38554,$47186,708,1
Bexley Howard,27,67,1992,8,Female,9354 Lafayette Street,,Elkton,VA,22827,38.41,-78.61,$18335,$37384,$120327,706,2
